Property.Address.Longitude,Property.Address.Latitude,Price,SizeInternal,Price/SizeInternal_frozen,Building.BathroomTotal,Building.Bedrooms,Building.StoriesTotal,Building.Type,Property.Price,Property.Type,Property.Address.AddressText,Property.Parking[0].Name,Property.ParkingSpaceTotal,Property.TypeId,Property.ZoningType,Property.AmmenitiesNearBy,Property.ParkingType,PostalCode,Building.SizeExterior,Property.Parking[1].Name,Property.OwnershipType,Property.Parking[2].Name,Building.UnitTotal
-73.578687,45.489532,689000,738,933,2,3,20,Apartment,"$689,000",Single Family,"2020 Boul. René-Lévesque O.|#911|Montréal (Ville-Marie), Quebec H3H0B3",,,300,Residential,"Highway, CEGEP, Hospital, Park, Public Transit, University",,H3H0B3,,,Condominium/Strata,,
-73.574184,45.46497,635000,856.8,741,2,5,2,Apartment,"$635,000",Single Family,"3918 Rue Newmarch|Montréal (Verdun/Île-des-Soeurs), Quebec H4G1G8",,,300,Residential,"Highway, Hospital, Park, Schools, Public Transit",,H4G1G8,,,Condominium/Strata,,
-73.558671,45.494718,699000,956.91,730,2,3,197,Apartment,"$699,000",Single Family,"1000 Rue Ottawa|#609|Montréal (Le Sud-Ouest), Quebec H3C0P3",Garage,1,300,Residential,"Highway, Hospital, Park, Public Transit","Garage, Integrated Garage",H3C0P3,,Integrated Garage,Condominium/Strata,,
-73.737033,45.535935,660000,935.35,705,2,5,1,House,"$660,000",Single Family,"3700 2e Rue|Laval (Chomedey), Quebec H1V1H8",Other,2,300,Residential,"Highway, CEGEP, Hospital, Park, Schools",Other,H1V1H8,7243.47 sqft,,,,
-73.55965353,45.54216772,669000,990,675,2,3,7,Apartment,"$669,000",Single Family,"3043 Rue Sherbrooke E.|#PH27|Montréal (Rosemont/La Petite-Patrie), Quebec H1W0B9",Garage,1,300,Residential,"Highway, CEGEP, Hospital, Park, Schools, Public Transit, University",Garage,H1W0B9,,,Condominium/Strata,,
-73.575733,45.523375,640000,1011.8066,632,2,3,3,Apartment,"$640,000",Single Family,"4141 Rue St-Hubert|#1|Montréal (Le Plateau-Mont-Royal), Quebec H2L4A7",,,300,Residential,"Highway, CEGEP, Hospital, Park, Schools, Public Transit, University",,H2L4A7,,,Condominium/Strata,,
-73.663116,45.45691,699000,1130.2095,618,2,5,1,House,"$699,000",Single Family,"8105 Av. Sunnyhurst|Côte-Saint-Luc, Quebec H4X1A7",Other,3,300,Residential,"Golf Course, Park, Schools, Public Transit",Other,H4X1A7,108 m2,,,,
-73.56746683,45.48805617,664500,1078,616,2,3,7,Apartment,"$664,500 +  GST +  QST",Single Family,"385 Rue St-Martin|#611|Montréal (Le Sud-Ouest), Quebec H3J1W1",,,300,Residential,"Highway, CEGEP, Hospital, Park, Schools, Public Transit, University",,H3J1W1,,,Condominium/Strata,,
-73.56556166,45.48766953,671000,1092,614,2,3,8,Apartment,"$671,000 +  GST +  QST",Single Family,"288 Rue Richmond|#743|Montréal (Le Sud-Ouest), Quebec H3J1S1",Garage,1,300,Residential,,Garage,H3J1S1,,,Condominium/Strata,,
-73.59008,45.523022,548000,904.1676,606,2,3,2,Apartment,"$548,000",Single Family,"79 Rue Marmette|Montréal (Le Plateau-Mont-Royal), Quebec H2T1J7",,,300,Residential,,,H2T1J7,,,Undivided Co-ownership,,
-73.712877,45.517487,698000,1155,604,2,3,5,Apartment,"$698,000",Single Family,"2475 Rue des Équinoxes|#202|Montréal (Saint-Laurent), Quebec H4R0N7",Garage,2,300,Residential,"Highway, Park, Schools, Public Transit",Garage,H4R0N7,,,Condominium/Strata,,
-73.662204,45.503283,695000,1151.7373,603,2,3,7,Apartment,"$695,000",Single Family,"2335 Ch. Manella|#203|Mont-Royal, Quebec H4P0B3",Garage,1,300,Residential,"Highway, CEGEP, Hospital, Park, Schools, Public Transit, University",Garage,H4P0B3,107 m2,,Condominium/Strata,,
-73.564296,45.518344,619000,1025.8,603,2,3,2,Apartment,"$619,000",Single Family,"815 Rue Ontario E.|#225|Montréal (Ville-Marie), Quebec H2L1P1",,,300,Residential,"Public Transit, University",,H2L1P1,,,Condominium/Strata,,
-73.687331,45.499694,679000,1126,603,2,4,1,House,"$679,000",Single Family,"600 Rue Brunet|Montréal (Saint-Laurent), Quebec H4M1X8",Other,2,300,Residential,"Highway, Hospital, Park, Schools, Public Transit",Other,H4M1X8,1124.61 sqft,,,,
-73.59008,45.523022,698000,1173.2650999999998,594,2,3,2,Apartment,"$698,000",Single Family,"81 Rue Marmette|Montréal (Le Plateau-Mont-Royal), Quebec H2T1J7",,,300,Residential,,,H2T1J7,,,Undivided Co-ownership,,
-73.575217,45.49219,650000,1100,590,2,3,12,Apartment,"$650,000",Single Family,"1070 Rue St-Mathieu|#101|Montréal (Ville-Marie), Quebec H3H2S8",Garage,2,300,Residential/Commercial,"Highway, CEGEP, Hospital, Park, Schools, Public Transit, University","Garage, Integrated Garage",H3H2S8,,Integrated Garage,Condominium/Strata,,
-73.67543353,45.50200998,648000,1101.15,588,2,5,1,House,"$648,000",Single Family,"237 Rue Tait|Montréal (Saint-Laurent), Quebec H4M2K4",Other,2,300,,"Highway, CEGEP, Hospital, Park, Schools, Public Transit",Other,H4M2K4,,,,,
-73.55180476,45.480051,629000,1087.1539,578,2,3,6,Apartment,"$629,000",Single Family,"291 Rue Bourgeoys|#5|Montréal (Le Sud-Ouest), Quebec H3K0B5",Integrated Garage,1,300,Residential,"Park, Schools, Public Transit, University","Integrated Garage, Garage",H3K0B5,,Garage,Condominium/Strata,,
-73.71193448,45.51804937,598000,1044.0982999999999,572,2,3,5,Apartment,"$598,000",Single Family,"2300 Rue Wilfrid-Reid|#404|Montréal (Saint-Laurent), Quebec H4R0N6",Garage,1,300,Residential,"Highway, CEGEP, Park, Schools, Public Transit","Garage, Integrated Garage",H4R0N6,,Integrated Garage,Condominium/Strata,,
-73.628406,45.515285,688000,1205.5567999999998,570,2,3,4,Apartment,"$688,000",Single Family,"2285 Av. Ekers|#201|Mont-Royal, Quebec H3S1C6",Integrated Garage,1,300,Residential,"Highway, CEGEP, Park, Schools, Public Transit, University","Integrated Garage, Garage",H3S1C6,,Garage,Condominium/Strata,,
-73.569577,45.492185,659000,1154.97,570,2,3,3,Apartment,"$659,000",Single Family,"1485 Rue St-Jacques|#8|Montréal (Ville-Marie), Quebec H3C6L7",Other,1,300,Residential,"Highway, Hospital, Public Transit",Other,H3C6L7,,,Condominium/Strata,,
-73.552278,45.479712,619000,1087.1539,569,2,3,3,Apartment,"$619,000",Single Family,"301 Rue Bourgeoys|#5|Montréal (Le Sud-Ouest), Quebec H3K0B5",Garage,1,300,Residential,"Highway, Hospital, Park, Schools, Public Transit, University",Garage,H3K0B5,,,Condominium/Strata,,
-73.64734919,45.49405314,673702,1185,568,2,3,11,Apartment,"$673,702 +  GST +  QST",Single Family,"5175 Rue MacKenzie|#1002|Montréal (Côte-des-Neiges/Notre-Dame-de-Grâce), Quebec H3W1B6",Garage,1,300,Residential,"Highway, CEGEP, Hospital, Park, Schools, Public Transit, University",Garage,H3W1B6,,,Condominium/Strata,,
-73.56233177,45.50996574,658000,1163.58,565,2,3,6,Apartment,"$658,000",Single Family,"1205 Rue St-Dominique|#503|Montréal (Ville-Marie), Quebec H2X2W3",Integrated Garage,1,300,Residential,"Highway, CEGEP, Hospital, Park, Schools, Public Transit, University","Integrated Garage, Garage",H2X2W3,,Garage,Condominium/Strata,,
-73.56676321,45.49450781,649000,1150,564,2,3,17,Apartment,"$649,000",Single Family,"1280 Rue St-Jacques|#302|Montréal (Ville-Marie), Quebec H3C0G1",Garage,1,300,Residential,"Highway, CEGEP, Hospital, Park, Schools, Ski hill, Public Transit, University","Garage, Integrated Garage",H3C0G1,,Integrated Garage,Condominium/Strata,,
-73.78279117,45.45141363,650000,1154,563,2,3,6,Apartment,"$650,000",Single Family,"6 Av. Donegani|#607|Pointe-Claire, Quebec H9R0E4",Garage,2,300,Residential,"Highway, CEGEP, Golf Course, Hospital, Park, Schools, Public Transit",Garage,H9R0E4,,,Condominium/Strata,,
-73.55329696,45.44903019,699000,1251.84,558,2,3,7,Apartment,"$699,000",Single Family,"201 Ch. de la Pointe-Sud|#316|Montréal (Verdun/Île-des-Soeurs), Quebec H3E0A2",Garage,2,300,Residential,"Highway, Golf Course, Park, Public Transit",Garage,H3E0A2,,,Condominium/Strata,,
-73.664224,45.434793,502900,905,555,2,3,10,Apartment,"$502,900 +  GST +  QST",Single Family,"303 Boul. St-Joseph|#606|Montréal (Lachine), Quebec H8S2K9",,,300,Residential,"Highway, CEGEP, Golf Course, Hospital, Park, Schools, Public Transit",,H8S2K9,,,Condominium/Strata,,
-73.55630953,45.50636274,610000,1108.6816999999999,550,2,3,10,Apartment,"$610,000",Single Family,"10 Rue St-Jacques|#504|Montréal (Ville-Marie), Quebec H2Y1L3",Garage,1,300,Residential,"Highway, Hospital, Park, Schools, Public Transit, University",Garage,H2Y1L3,,,Condominium/Strata,,
-73.690632,45.515097,599000,1097.9178,545,2,4,2,House,"$599,000",Single Family,"1380 Rue Crevier|Montréal (Saint-Laurent), Quebec H4L2W9",Other,4,300,Residential,"Highway, CEGEP, Golf Course, Hospital, Park, Schools, Public Transit",Other,H4L2W9,,,,,
-73.690632,45.515097,599000,1097.9178,545,2,4,2,House,"$599,000",Single Family,"1380 Rue Crevier|Montréal (Saint-Laurent), Quebec H4L2W9",Other,4,300,Residential,"Highway, CEGEP, Golf Course, Hospital, Park, Schools, Public Transit",Other,H4L2W9,,,,,
-73.615317,45.469267,649900,1194.7929,543,2,3,2,Apartment,"$649,900",Single Family,"2265 Av. de Melrose|Montréal (Côte-des-Neiges/Notre-Dame-de-Grâce), Quebec H4A2R7",Other,1,300,Residential,"Highway, CEGEP, Hospital, Park, Schools, Public Transit, University",Other,H4A2R7,,,Undivided Co-ownership,,
-73.566014,45.53326,679000,1250,543,2,4,3,Apartment,"$679,000",Single Family,"4153A Av. des Érables|Montréal (Le Plateau-Mont-Royal), Quebec H2K3V7",Other,1,300,Residential,"Hospital, Park, Schools, Public Transit",Other,H2K3V7,,,Condominium/Strata,,
-73.693894,45.537142,672000,1248.6124,538,2,3,2,House,"$672,000",Single Family,"11830 Rue Philippe-Hébert|Montréal (Ahuntsic-Cartierville), Quebec H3M2M8",Other,2,300,Residential,"Highway, CEGEP, Hospital, Park, Schools, Public Transit",Other,H3M2M8,,,,,
-73.610761,45.472165,699000,1300,537,2,4,2,Apartment,"$699,000",Single Family,"2239 Av. Girouard|Montréal (Côte-des-Neiges/Notre-Dame-de-Grâce), Quebec H4A3C4",Other,1,300,Residential,"Highway, CEGEP, Hospital, Park, Schools, Public Transit, University",Other,H4A3C4,1300 sqft,,Undivided Co-ownership,,
-73.711552,45.441099,669000,1270.1402,526,2,3,2,House,"$669,000",Single Family,"340 50e Avenue|Montréal (Lachine), Quebec H8T2T6",Other,2,300,Residential,"Highway, CEGEP, Park, Schools, Public Transit",Other,H8T2T6,,,,,
-73.801268,45.491155,588000,1120,525,2,4,1,House,"$588,000",Single Family,"12 Rue Hyman|Dollard-Des Ormeaux, Quebec H9B1L3",Integrated Garage,5,300,Residential,"Highway, CEGEP, Hospital, Park, Schools","Integrated Garage, Other, Garage",H9B1L3,,Other,,Garage,
-73.616518,45.422895,599900,1150,521,2,3,2,House,"$599,900",Single Family,"1025 34e Avenue|Montréal (LaSalle), Quebec H8P3A1",Other,1,300,Residential,"Highway, Hospital, Park, Schools, Public Transit",Other,H8P3A1,1150 sqft,,,,
-73.5695141,45.54308512,524800,1022.5704999999999,513,2,3,4,Apartment,"$524,800",Single Family,"2600 Place Chassé|#112|Montréal (Rosemont/La Petite-Patrie), Quebec H1Y0A9",Garage,1,300,Residential,"CEGEP, Golf Course, Hospital, Park, Schools, Public Transit, University","Garage, Integrated Garage",H1Y0A9,,Integrated Garage,Condominium/Strata,,
-73.647901,45.499191,645000,1265,509,2,3,12,Apartment,"$645,000",Single Family,"4293 Rue Jean-Talon O.|#507|Montréal (Côte-des-Neiges/Notre-Dame-de-Grâce), Quebec H4P0B2",Garage,1,300,Residential,"Highway, Hospital, Park, Schools, Public Transit, University",Garage,H4P0B2,1397 sqft,,Condominium/Strata,,
-73.573966,45.542214,559000,1097,509,2,3,8,Apartment,"$559,000",Single Family,"2530 Place Michel-Brault|#148|Montréal (Rosemont/La Petite-Patrie), Quebec H1Y0B6",,,300,Residential,,,H1Y0B6,,,Condominium/Strata,,
-73.555031,45.517325,599000,1179,508,2,3,3,Apartment,"$599,000",Single Family,"1221 Rue Wolfe|#7|Montréal (Ville-Marie), Quebec H2L3J2",Other,1,300,Residential,"Highway, CEGEP, Hospital, Park, Schools, Public Transit, University",Other,H2L3J2,,,Condominium/Strata,,
-73.547305,45.468144,699000,1377.7792,507,2,3,6,Apartment,"$699,000",Single Family,"220 Ch. du Golf|#301|Montréal (Verdun/Île-des-Soeurs), Quebec H3E2A7",Garage,1,300,Residential,"Highway, Golf Course, Park, Schools, Public Transit",Garage,H3E2A7,,,Condominium/Strata,,
-73.60876326,45.4469665,485000,967,501,2,3,12,Apartment,"$485,000",Single Family,"1800 Boul. Angrignon|#711|Montréal (LaSalle), Quebec H8N0B8",Garage,1,300,Residential,"Highway, CEGEP, Hospital, Park",Garage,H8N0B8,,,Condominium/Strata,,
-73.66279,45.479921,679000,1367.0153,496,2,3,13,Apartment,"$679,000",Single Family,"5845 Av. Marc-Chagall|#310|Côte-Saint-Luc, Quebec H4W3K4",Integrated Garage,2,300,Residential,"Park, Schools, Public Transit","Integrated Garage, Garage",H4W3K4,,Garage,Condominium/Strata,,
-73.60596327,45.44867677,619000,1248.6124,495,2,3,7,Apartment,"$619,000",Single Family,"7000 Rue Allard|#783|Montréal (LaSalle), Quebec H8N1Y7",Garage,1,300,Residential,"Highway, CEGEP, Hospital, Park, Schools, Public Transit","Garage, Integrated Garage",H8N1Y7,,Integrated Garage,Condominium/Strata,,
-73.637237,45.464665,600000,1218.47,492,2,3,3,Apartment,"$600,000",Single Family,"6680 Rue de Terrebonne|#103|Montréal (Côte-des-Neiges/Notre-Dame-de-Grâce), Quebec H4B1B8",Integrated Garage,1,300,Residential,,"Integrated Garage, Garage",H4B1B8,,Garage,Condominium/Strata,,
-73.652096,45.489495,689000,1399.307,492,2,3,12,Apartment,"$689,000",Single Family,"6803 Rue Abraham-De Sola|#102|Côte-Saint-Luc, Quebec H3X4B3",Garage,3,300,Residential,"Highway, CEGEP, Hospital, Park, Schools, Public Transit, University",Garage,H3X4B3,,,Condominium/Strata,,
-73.59556397,45.52167289,659000,1345.4875,489,2,3,2,Apartment,"$659,000",Single Family,"5153Z Av. de l'Esplanade|Montréal (Le Plateau-Mont-Royal), Quebec H2T2Z3",,,300,Residential,"CEGEP, Hospital, Park, Schools, Public Transit, University",,H2T2Z3,,,Undivided Co-ownership,,
-73.61596936,45.48322638,698000,1426,489,2,3,11,Apartment,"$698,000",Single Family,"4850 Ch. de la Côte-St-Luc|#74|Montréal (Côte-des-Neiges/Notre-Dame-de-Grâce), Quebec H3W2H2",Garage,2,300,Residential,"Highway, CEGEP, Hospital, Park, Schools, Public Transit, University",Garage,H3W2H2,,,Undivided Co-ownership,,
-73.49300071,45.47375386,649000,1355,478,2,5,2,House,"$649,000",Single Family,"635 Place Villars|Brossard, Quebec J4W1W3",Other,3,300,Residential,"Highway, CEGEP, Golf Course, Hospital, Park, Schools, Public Transit, University",Other,J4W1W3,,,,,
-73.60646707,45.44840332,489000,1030,474,2,3,7,Apartment,"$489,000",Single Family,"7000 Rue Allard|#361|Montréal (LaSalle), Quebec H8N1Y7",Garage,1,300,Residential,"Highway, CEGEP, Park, Schools, Public Transit",Garage,H8N1Y7,,,Condominium/Strata,,
-73.590575,45.537305,548305,1155,474,2,3,4,Apartment,"$548,305 +  GST +  QST",Single Family,"5595 Rue De Lanaudière|#422|Montréal (Rosemont/La Petite-Patrie), Quebec H2G0A1",Garage,1,300,Residential,,Garage,H2G0A1,,,Condominium/Strata,,
-73.558249,45.525545,599000,1270.1402,471,2,3,3,Apartment,"$599,000",Single Family,"1919 Av. Papineau|Montréal (Ville-Marie), Quebec H2K4J3",Other,1,300,Residential,"Highway, CEGEP, Hospital, Park, Schools, Public Transit",Other,H2K4J3,,,Condominium/Strata,,
-73.607895,45.448562,579000,1230,470,2,3,8,Apartment,"$579,000",Single Family,"7040 Rue Allard|#725|Montréal (LaSalle), Quebec H8N0C9",Garage,1,300,Residential,,Garage,H8N0C9,,,Condominium/Strata,,
-73.702019,45.532775,549888,1184,464,2,6,1,House,"$549,888",Single Family,"11874 Rue Filion|Montréal (Ahuntsic-Cartierville), Quebec H4J1T5",Garage,1,300,Residential,"Highway, CEGEP, Hospital, Park, Schools",Garage,H4J1T5,,,,,
-73.71683797,45.50754592,549000,1182.95,464,2,3,4,Apartment,"$549,000",Single Family,"3035 Av. Ernest-Hemingway|#207|Montréal (Saint-Laurent), Quebec H4R0A9",Garage,2,300,Residential,"Highway, Park, Schools, Public Transit","Garage, Integrated Garage, Other",H4R0A9,,Integrated Garage,Condominium/Strata,Other,
-73.629235,45.475459,695000,1500,463,2,4,2,Apartment,"$695,000",Single Family,"4577-4579 Av. de Melrose|Montréal (Côte-des-Neiges/Notre-Dame-de-Grâce), Quebec H4A2S8",Integrated Garage,3,300,Residential,"Highway, CEGEP, Hospital, Park, Schools, Public Transit, University","Integrated Garage, Garage, Other",H4A2S8,,Garage,Undivided Co-ownership,Other,
-73.549086,45.527403,649000,1409,460,2,3,3,Apartment,"$649,000",Single Family,"1438 Rue Fullum|Montréal (Ville-Marie), Quebec H2K3M1",,,300,Residential,"CEGEP, Hospital, Park, Schools, Public Transit",,H2K3M1,,,Condominium/Strata,,
-73.65311676,45.49828348,639000,1392,459,2,4,8,Apartment,"$639,000",Single Family,"5077 Rue Paré|#805|Montréal (Côte-des-Neiges/Notre-Dame-de-Grâce), Quebec H4P1P4",Garage,2,300,Residential/Commercial,,Garage,H4P1P4,,,Condominium/Strata,,
-73.57601158,45.50784079,698000,1522.01,458,3,3,3,Apartment,"$698,000",Single Family,"3528 Rue Aylmer|#1|Montréal (Le Plateau-Mont-Royal), Quebec H2X2B8",Other,1,300,Residential,"CEGEP, Hospital, Park, Public Transit, University",Other,H2X2B8,,,Condominium/Strata,,
-73.615956,45.483231,650000,1426,455,2,3,11,Apartment,"$650,000",Single Family,"4850 Ch. de la Côte-St-Luc|#54|Montréal (Côte-des-Neiges/Notre-Dame-de-Grâce), Quebec H3W2H2",Garage,1,300,Residential,,Garage,H3W2H2,,,Undivided Co-ownership,,
-73.57501,45.524837,479000,1054.8622,454,2,3,3,Apartment,"$479,000",Single Family,"4150 Rue de Mentana|#1|Montréal (Le Plateau-Mont-Royal), Quebec H2L3S2",,,300,Residential,"Hospital, Park, Schools, Public Transit",,H2L3S2,,,Condominium/Strata,,
-73.629747,45.439677,579900,1280.9041,452,2,3,1,House,"$579,900",Single Family,"2376 Rue Chopin|Montréal (LaSalle), Quebec H8N2H6",Integrated Garage,2,300,Residential,"Highway, CEGEP, Hospital, Schools, Public Transit","Integrated Garage, Other, Garage",H8N2H6,119.8 m2,Other,,Garage,
-73.70044,45.529481,525000,1162.5012,451,2,5,1,House,"$525,000",Single Family,"11761 Rue Lavigne|Montréal (Ahuntsic-Cartierville), Quebec H4J1X7",Other,2,300,Residential,"Highway, CEGEP, Hospital, Park, Schools, Public Transit",Other,H4J1X7,,,,,
-73.587096,45.518428,499000,1108.6816999999999,450,2,3,3,Apartment,"$499,000",Single Family,"4477 Av. de l'Esplanade|#2|Montréal (Le Plateau-Mont-Royal), Quebec H2W1T2",,,300,Residential,"Hospital, Park, Schools, Public Transit, University",,H2W1T2,,,Condominium/Strata,,
-73.49419772,45.45684961,694900,1552,447,2,4,1,House,"$694,900",Single Family,"235 Rue St-Maurice|Brossard, Quebec J4X2X1",Garage,2,300,Residential,"Highway, Park, Schools","Garage, Other",J4X2X1,,Other,,,
-73.57468,45.503219,599000,1345.4875,445,2,4,11,Apartment,"$599,000",Single Family,"900 Rue Sherbrooke O.|#41|Montréal (Ville-Marie), Quebec H3A1G3",,,300,Residential,"CEGEP, Hospital, Schools, Public Transit, University",,H3A1G3,,,Condominium/Strata,,
-73.650152,45.447984,659000,1485.4181999999998,443,2,4,2,House,"$659,000",Single Family,"168 Av. Milton|Montréal (Lachine), Quebec H8R0A1",,,300,Residential,,,H8R0A1,58.9 m2,,,,
-73.607895,45.448562,499900,1130.2095,442,2,3,15,Apartment,"$499,900",Single Family,"7051 Rue Allard|#110|Montréal (LaSalle), Quebec H8N0C8",Garage,1,300,,"Highway, CEGEP, Hospital, Park, Schools, Public Transit",Garage,H8N0C8,,,Condominium/Strata,,
-73.546387,45.544765,550000,1250,440,2,3,3,Apartment,"$550,000 +  GST +  QST",Single Family,"2059 Rue Aylwin|Montréal (Mercier/Hochelaga-Maisonneuve), Quebec H1W3C4",Other,1,300,Residential,"Highway, CEGEP, Park, Schools, Public Transit",Other,H1W3C4,,,Undivided Co-ownership,,
-73.748976,45.522717,700000,1591,439,2,3,12,Apartment,"$700,000",Single Family,"4500 Prom. Paton|#101|Laval (Chomedey), Quebec H7W4Y6",Garage,2,300,Residential,"Highway, CEGEP, Hospital, Park, Schools, Public Transit","Garage, Integrated Garage",H7W4Y6,,Integrated Garage,Condominium/Strata,,
-73.60301908,45.448663,449000,1022.5704999999999,439,2,3,4,Apartment,"$449,000",Single Family,"6845 Av. Lamont|Montréal (Le Sud-Ouest), Quebec H4E2T8",Other,1,300,,"Highway, CEGEP, Hospital, Park, Schools, Ski hill, Public Transit",Other,H4E2T8,,,Condominium/Strata,,
-73.49496272,45.45245785,645000,1469,439,2,3,15,Apartment,"$645,000",Single Family,"8120 Boul. St-Laurent|#803|Brossard, Quebec J4X2P2",Garage,2,300,Residential,"Highway, CEGEP, Park, Public Transit","Garage, Integrated Garage",J4X2P2,,Integrated Garage,Condominium/Strata,,
-73.607355,45.426113,539000,1237.9,435,2,3,3,Apartment,"$539,000",Single Family,"7961 Rue George|#302|Montréal (LaSalle), Quebec H8P3S5",Integrated Garage,1,300,Residential,"CEGEP, Hospital, Park, Schools, Public Transit","Integrated Garage, Garage",H8P3S5,,Garage,Condominium/Strata,,
-73.55595,45.480815,699000,1614.585,432,2,3,2,House,"$699,000",Single Family,"1880 Rue Favard|Montréal (Le Sud-Ouest), Quebec H3K1Y6",,,300,Residential,"Highway, CEGEP, Hospital, Park, Schools, Public Transit, University",,H3K1Y6,,,,,
-73.586525,45.5385,549000,1280.9041,428,2,3,4,Apartment,"$549,000",Single Family,"9615 Av. Papineau|#430|Montréal (Ahuntsic-Cartierville), Quebec H2B1Z6",Garage,1,300,Residential,"CEGEP, Park, Schools, Public Transit",Garage,H2B1Z6,,,Condominium/Strata,,
-73.5850942,45.49773322,582750,1365,426,2,3,11,Apartment,"$582,750",Single Family,"1520 Av. du Docteur-Penfield|#54|Montréal (Ville-Marie), Quebec H3G1C6",,,300,Residential,"Highway, CEGEP, Hospital, Park, Schools, Public Transit, University",,H3G1C6,,,Undivided Co-ownership,,
-73.585959,45.497811,570000,1336,426,2,3,11,Apartment,"$570,000",Single Family,"1545 Av. du Docteur-Penfield|#209|Montréal (Ville-Marie), Quebec H3G1C7",Garage,1,300,Residential,"Highway, CEGEP, Hospital, Park, Schools, Public Transit, University",Garage,H3G1C7,,,Undivided Co-ownership,,
-73.606606,45.427076,629000,1475,426,2,3,3,Apartment,"$629,000",Single Family,"7891 Rue George|#301|Montréal (LaSalle), Quebec H8P3S5",Garage,2,300,Residential,"Highway, CEGEP, Hospital, Park, Schools, Public Transit",Garage,H8P3S5,,,Condominium/Strata,,
-73.552367,45.547863,499000,1172,425,2,3,3,Apartment,"$499,000",Single Family,"2570 Rue De Chambly|Montréal (Mercier/Hochelaga-Maisonneuve), Quebec H1W3J7",Other,1,300,Residential,"Highway, CEGEP, Golf Course, Hospital, Park, Schools",Other,H1W3J7,,,Undivided Co-ownership,,
-73.61474351,45.44128678,618000,1453.13,425,2,3,2,House,"$618,000",Single Family,"7260 Rue Chouinard|Montréal (LaSalle), Quebec H8N2Z4",Garage,2,300,,"Highway, CEGEP, Hospital, Park, Schools, Public Transit, University","Garage, Integrated Garage, Other",H8N2Z4,,Integrated Garage,,Other,
-73.667478,45.527889,650000,1528.4738,425,2,3,9,Apartment,"$650,000",Single Family,"160 Rue Khalil-Gibran|#401|Montréal (Saint-Laurent), Quebec H4N0A9",Integrated Garage,1,300,Residential,"Highway, CEGEP, Park, Schools, Public Transit","Integrated Garage, Garage",H4N0A9,,Garage,Condominium/Strata,,
-73.576339,45.488698,420000,990.2787999999999,424,2,3,3,Apartment,"$420,000",Single Family,"2052 Rue St-Antoine O.|Montréal (Le Sud-Ouest), Quebec H3J1A6",,,300,,"Highway, Park, Public Transit, University",,H3J1A6,,,Condominium/Strata,,
-73.603519,45.541333,699000,1655,422,2,3,3,Apartment,"$699,000",Single Family,"1279A Rue St-Zotique E.|Montréal (Rosemont/La Petite-Patrie), Quebec H2S1N8",Other,1,300,Residential,,Other,H2S1N8,,,Condominium/Strata,,
-73.69644789,45.52934556,498000,1184.029,420,2,3,1,House,"$498,000",Single Family,"11590 Rue Filion|Montréal (Ahuntsic-Cartierville), Quebec H4J1T1",Garage,3,300,Residential,"Highway, Hospital, Schools","Garage, Integrated Garage, Other",H4J1T1,,Integrated Garage,,Other,
-73.565878,45.51970073,599900,1431.5987,419,3,3,3,Apartment,"$599,900",Single Family,"868 Rue Sherbrooke E.|Montréal (Ville-Marie), Quebec H2L1K9",,,300,Residential,"Highway, Hospital, Public Transit",,H2L1K9,,,Condominium/Strata,,
-73.6684266,45.5282239,639900,1528.4738,418,2,3,9,Apartment,"$639,900",Single Family,"950 Boul. Lebeau|#209|Montréal (Saint-Laurent), Quebec H4N0A4",Garage,1,300,Residential,"Highway, Golf Course, Hospital, Park, Schools, Public Transit",Garage,H4N0A4,,,Condominium/Strata,,
-73.660806,45.474467,599900,1436,417,2,3,16,Apartment,"$599,900",Single Family,"6785 Crois. Korczak|#603|Côte-Saint-Luc, Quebec H4W2W6",Garage,2,300,Residential,,Garage,H4W2W6,,,Condominium/Strata,,
-73.49945847,45.49824757,498000,1206,412,2,3,3,Apartment,"$498,000",Single Family,"14 Av. Ste-Hélène|#6|Saint-Lambert, Quebec J4R1S2",Integrated Garage,1,300,Residential,"Highway, CEGEP, Golf Course, Hospital, Park, Schools, Public Transit, University","Integrated Garage, Garage",J4R1S2,,Garage,Condominium/Strata,,
-73.55451441,45.55269034,529900,1285,412,2,3,4,Apartment,"$529,900 +  GST +  QST",Single Family,"3950 Rue Sherbrooke E.|#417|Montréal (Mercier/Hochelaga-Maisonneuve), Quebec H1X2A6",,,300,Residential,,,H1X2A6,,,Condominium/Strata,,
-73.56169812,45.52711577,649000,1575,412,2,3,5,Apartment,"$649,000 +  GST +  QST",Single Family,"2095 Av. Papineau|#502|Montréal (Ville-Marie), Quebec H2K4J5",Garage,1,300,Residential,"Highway, CEGEP, Hospital, Park, Schools, Public Transit, University",Garage,H2K4J5,,,Condominium/Strata,,
-73.651045,45.488976,629000,1528.4738,411,2,3,16,Apartment,"$629,000",Single Family,"6800 Av. MacDonald|#902|Côte-Saint-Luc, Quebec H3X3Z2",Garage,2,300,,"Highway, Hospital, Park, Public Transit",Garage,H3X3Z2,,,Condominium/Strata,,
-73.61194085,45.47504263,658000,1600,411,2,3,4,Apartment,"$658,000",Single Family,"3481 Av. Prud'homme|Montréal (Côte-des-Neiges/Notre-Dame-de-Grâce), Quebec H4A3H6",,,300,Residential,"Highway, CEGEP, Hospital, Park, Schools, Public Transit, University",,H4A3H6,,,Undivided Co-ownership,,
-73.50526212,45.498875,419900,1022.5704999999999,410,2,3,8,Apartment,"$419,900",Single Family,"740 Av. Victoria|#612|Saint-Lambert, Quebec J4R0A8",Garage,1,300,Residential,"Highway, Golf Course, Hospital, Park, Schools, Public Transit","Garage, Integrated Garage",J4R0A8,,Integrated Garage,Condominium/Strata,,
-73.678695,45.517747,549900,1342,409,2,3,6,Apartment,"$549,900",Single Family,"1111 Boul. de la Côte-Vertu|#505|Montréal (Saint-Laurent), Quebec H4L5M2",Garage,2,300,Residential,"Highway, CEGEP, Hospital, Park, Schools, Public Transit",Garage,H4L5M2,6741 sqft,,Condominium/Strata,,
-73.56136895,45.51781274,575000,1417,405,2,3,3,Apartment,"$575,000",Single Family,"1686 Rue St-André|Montréal (Ville-Marie), Quebec H2L3T6",,,300,Residential,,,H2L3T6,1488 sqft,,Undivided Co-ownership,,
-73.587886,45.472857,648000,1606.5,403,2,4,2,House,"$648,000",Single Family,"358 Rue Delinelle|Montréal (Le Sud-Ouest), Quebec H4C3A8",,,300,Residential,"Highway, Park, Public Transit",,H4C3A8,,,,,
-73.585773,45.527573,681454,1697,401,2,3,4,Apartment,"$681,454 +  GST +  QST",Single Family,"4820 Rue Resther|#101|Montréal (Le Plateau-Mont-Royal), Quebec H2J2V3",,,300,Residential,"Hospital, Park, Schools, Public Transit",,H2J2V3,,,Condominium/Strata,,
-73.671773,45.533216,540000,1345.4875,401,2,3,2,House,"$540,000",Single Family,"2052 Rue Caroline-Béique|Montréal (Ahuntsic-Cartierville), Quebec H4N3G8",Garage,2,300,Residential,"Highway, CEGEP, Park, Schools, Public Transit, University","Garage, Integrated Garage, Other",H4N3G8,,Integrated Garage,,Other,
-73.675648,45.504067,425000,1059.17,401,2,3,5,Apartment,"$425,000",Single Family,"335 Boul. Marcel-Laurin|#415|Montréal (Saint-Laurent), Quebec H4M0A7",Garage,1,300,Residential,,Garage,H4M0A7,,,Condominium/Strata,,
-73.617548,45.437948,665000,1657.6406,401,3,5,2,House,"$665,000",Single Family,"2120Z Rue Pigeon|Montréal (LaSalle), Quebec H8N1A6",Garage,1,300,Residential,"Highway, CEGEP, Hospital, Park, Schools, Public Transit",Garage,H8N1A6,,,,,
-73.66311368,45.43820673,394800,987,400,2,3,5,Apartment,"$394,800 +  GST +  QST",Single Family,"Av. George-V|#103|Montréal (Lachine), Quebec H8S0A1",,,300,Residential,,,H8S0A1,4615 sqft,,Condominium/Strata,,
-73.66319951,45.43758188,425600,1064,400,2,3,5,Apartment,"$425,600 +  GST +  QST",Single Family,"Av. George-V|#502|Montréal (Lachine), Quebec H8S0A1",,,300,Residential,,,H8S0A1,4615 sqft,,Condominium/Strata,,
-73.6633068,45.43764211,435600,1089,400,2,3,5,Apartment,"$435,600 +  GST +  QST",Single Family,"Av. George-V|#503|Montréal (Lachine), Quebec H8S0A1",,,300,Residential,,,H8S0A1,4615 sqft,,Condominium/Strata,,
-73.546387,45.544765,500000,1250,400,2,3,3,Apartment,"$500,000 +  GST +  QST",Single Family,"2063 Rue Aylwin|Montréal (Mercier/Hochelaga-Maisonneuve), Quebec H1W3C4",,,300,Residential,"Highway, CEGEP, Park, Schools, Public Transit",,H1W3C4,,,Undivided Co-ownership,,
-73.495544,45.534485,513068,1284,399,2,4,2,House,"$513,068 +  GST +  QST",Single Family,"955Z Rue Grant|Longueuil (Le Vieux-Longueuil), Quebec J4H3J8",Other,1,300,Residential,"Highway, CEGEP, Golf Course, Hospital, Park, Schools, Public Transit, University",Other,J4H3J8,642 sqft,,,,
-73.57102235,45.54831832,390000,979.5149,398,2,3,3,Apartment,"$390,000",Single Family,"3105 Av. Laurier E.|#101|Montréal (Rosemont/La Petite-Patrie), Quebec H1Y1Z7",,,300,Residential,,,H1Y1Z7,,,Condominium/Strata,,
-73.663899,45.441866,539000,1356.2513999999999,397,2,3,2,House,"$539,000",Single Family,"29Z Rue Provost|Montréal (Lachine), Quebec H8S1L3",Garage,2,300,Residential,"Highway, Hospital, Public Transit",Garage,H8S1L3,,,,,
-73.539467,45.547066,650000,1641,396,2,3,4,Apartment,"$650,000 +  GST +  QST",Single Family,"1629 Av. Bourbonnière|#1|Montréal (Mercier/Hochelaga-Maisonneuve), Quebec H1W3N5",,,300,,,,H1W3N5,,,Condominium/Strata,,
-73.717663,45.548536,595000,1504,395,2,5,1.5000,House,"$595,000",Single Family,"70 Av. Sauriol|Laval (Laval-des-Rapides), Quebec H7N3B1",Detached Garage,1,300,Residential,"Highway, Park, Schools, Public Transit","Detached Garage, Garage",H7N3B1,,Garage,,,
-73.67338,45.506365,499000,1267,393,2,3,7,Apartment,"$499,000",Single Family,"1600 Rue St-Louis|#401|Montréal (Saint-Laurent), Quebec H4L0B5",Garage,1,300,Residential,,Garage,H4L0B5,,,Condominium/Strata,,
-73.55440712,45.55266028,554900,1413,392,2,3,4,Apartment,"$554,900 +  GST +  QST",Single Family,"3950 Rue Sherbrooke E.|#409|Montréal (Mercier/Hochelaga-Maisonneuve), Quebec H1X2A6",,,300,Residential,,,H1X2A6,,,Condominium/Strata,,
-73.754219,45.52548,514000,1313.1958,391,2,3,7,Apartment,"$514,000",Single Family,"4570 Ch. des Cageux|#202|Laval (Chomedey), Quebec H7W2S7",Garage,1,300,Residential,"Highway, CEGEP, Golf Course, Hospital, Park, Schools, Public Transit, University","Garage, Integrated Garage",H7W2S7,,Integrated Garage,Condominium/Strata,,
-73.66455659,45.43541035,505900,1293,391,2,3,10,Apartment,"$505,900 +  GST +  QST",Single Family,"303 Boul. St-Joseph|#402|Montréal (Lachine), Quebec H8S2K9",,,300,Residential,"Highway, CEGEP, Golf Course, Hospital, Park, Schools, Public Transit",,H8S2K9,,,Condominium/Strata,,
-73.693784,45.520032,699000,1786.8074,391,2,5,2,Duplex,"$699,000",Single Family,"1756-1760 Rue Millar|Montréal (Saint-Laurent), Quebec H4L3H4",Other,2,300,Residential,"Highway, CEGEP, Park, Schools",Other,H4L3H4,,,,,2
-73.67607456,45.50439043,499000,1278.75,390,2,3,4,Apartment,"$499,000",Single Family,"375 Boul. Marcel-Laurin|#405|Montréal (Saint-Laurent), Quebec H4M2Z4",Garage,1,300,Residential,"Highway, Park, Public Transit, University",Garage,H4M2Z4,,,Condominium/Strata,,
-73.63357846,45.43332708,469900,1205,389,2,3,3,Apartment,"$469,900",Single Family,"2205 Rue Émile-Nelligan|Montréal (LaSalle), Quebec H8N2Y2",Integrated Garage,2,300,Residential,"Highway, Park, Schools, Public Transit","Integrated Garage, Garage, Other",H8N2Y2,1205 sqft,Garage,Condominium/Strata,Other,
-73.63933,45.551378,459000,1182,388,2,3,6,Apartment,"$459,000",Single Family,"8901 Rue Marcel-Cadieux|#107|Montréal (Ahuntsic-Cartierville), Quebec H2M2L9",Garage,1,300,Residential,"Highway, CEGEP, Hospital, Park, Schools, Public Transit","Garage, Integrated Garage",H2M2L9,,Integrated Garage,Condominium/Strata,,
-73.656862,45.477709,526000,1356.2513999999999,387,3,4,2,House,"$526,000",Single Family,"5657Z Ch. Merrimac|Côte-Saint-Luc, Quebec H4W1S5",Garage,1,300,Residential,"Golf Course, Hospital, Schools, Public Transit","Garage, Integrated Garage",H4W1S5,,Integrated Garage,,,
-73.55021767,45.52829575,649900,1676.11,387,2,3,3,Apartment,"$649,900",Single Family,"1607 Rue Fullum|Montréal (Ville-Marie), Quebec H2K3M5",,,300,Residential,"Highway, Park, Schools, Public Transit",,H2K3M5,3467 sqft,,Undivided Co-ownership,,
-73.49407297,45.44929302,549000,1420.8347999999999,386,2,3,12,Apartment,"$549,000",Single Family,"8255 Boul. St-Laurent|#804|Brossard, Quebec J4X2A7",Garage,2,300,Residential,"Highway, Hospital, Park, Public Transit","Garage, Integrated Garage",J4X2A7,,Integrated Garage,Condominium/Strata,,
-73.753583,45.52583,608800,1612,377,2,3,14,Apartment,"$608,800",Single Family,"4500 Ch. des Cageux|#1003|Laval (Chomedey), Quebec H7W2S7",Garage,2,300,Residential,,Garage,H7W2S7,,,Condominium/Strata,,
-73.66397585,45.43521577,517900,1372,377,2,3,10,Apartment,"$517,900 +  GST +  QST",Single Family,"303 Boul. St-Joseph|#806|Montréal (Lachine), Quebec H8S2K9",,,300,Residential,"Highway, CEGEP, Hospital, Park, Schools, Public Transit",,H8S2K9,,,Condominium/Strata,,
-73.612446,45.470837,465000,1237.8485,375,2,3,2,Apartment,"$465,000",Single Family,"2256 Av. Marcil|Montréal (Côte-des-Neiges/Notre-Dame-de-Grâce), Quebec H4A2Z1",,,300,Residential,"Hospital, Park, Schools",,H4A2Z1,118.71 m2,,Undivided Co-ownership,,
-73.4962859,45.45521181,428000,1140.9733999999999,375,2,3,14,Apartment,"$428,000",Single Family,"8050 Boul. St-Laurent|#401|Brossard, Quebec J4X2P1",Integrated Garage,1,300,Residential,"Highway, Park, Schools, Public Transit","Integrated Garage, Garage",J4X2P1,,Garage,Condominium/Strata,,
-73.51833312,45.3951216,500000,1334.7236,374,2,3,9,Apartment,"$500,000",Single Family,"97 Boul. Montcalm N.|#C700|Candiac, Quebec J5R0R8",Garage,1,300,Residential,"Highway, Park, Schools, Public Transit",Garage,J5R0R8,,,Condominium/Strata,,
-73.60632033,45.45069997,585185,1573,372,2,3,16,Apartment,"$585,185 +  GST +  QST",Single Family,"6780 Boul. Newman|#310|Montréal (LaSalle), Quebec H8N2S3",Garage,1,300,Residential,,Garage,H8N2S3,,,Condominium/Strata,,
-73.5992,45.430913,700000,1888,370,2,4,2,Duplex,"$700,000",Single Family,"194-196 5e Avenue|Montréal (LaSalle), Quebec H8P2K4",Other,1,300,Residential,"Highway, CEGEP, Hospital, Park, Schools, Public Transit",Other,H8P2K4,,,,,2
-73.66992717,45.51919779,439900,1194.7929,368,2,3,17,Apartment,"$439,900",Single Family,"730 Boul. Montpellier|#1704|Montréal (Saint-Laurent), Quebec H4L5B3",Garage,1,300,Residential,"Schools, Public Transit",Garage,H4L5B3,,,Condominium/Strata,,
-73.609361,45.433158,459000,1249,367,2,3,2,Apartment,"$459,000",Single Family,"7604 Rue Bouvier|Montréal (LaSalle), Quebec H8N2S5",Garage,1,300,Residential,"Highway, CEGEP, Hospital, Park, Schools, Public Transit","Garage, Integrated Garage",H8N2S5,,Integrated Garage,Condominium/Strata,,
-73.671506,45.43468,319000,877,363,2,3,3,Apartment,"$319,000 +  GST +  QST",Single Family,"875 Rue Notre-Dame|#I|Montréal (Lachine), Quebec H8S2B8",,,300,Residential/Commercial,"Highway, Hospital, Park, Schools, Public Transit",,H8S2B8,,,Condominium/Strata,,
-73.66395439,45.43523083,496900,1372,362,2,3,10,Apartment,"$496,900 +  GST +  QST",Single Family,"303 Boul. St-Joseph|#506|Montréal (Lachine), Quebec H8S2K9",,,300,Residential,"Highway, CEGEP, Hospital, Park, Schools, Public Transit",,H8S2K9,,,Condominium/Strata,,
-73.546387,45.544765,450000,1250,360,2,3,3,Apartment,"$450,000 +  GST +  QST",Single Family,"2061 Rue Aylwin|Montréal (Mercier/Hochelaga-Maisonneuve), Quebec H1W3C4",,,300,Residential,"Highway, CEGEP, Park, Schools, Public Transit",,H1W3C4,,,Undivided Co-ownership,,
-73.630397,45.464366,369000,1029,358,2,4,3,Apartment,"$369,000",Single Family,"3911 Boul. Cavendish|#1|Montréal (Côte-des-Neiges/Notre-Dame-de-Grâce), Quebec H4B2N4",,,300,Residential,"Highway, CEGEP, Hospital, Park, Schools, Public Transit, University",,H4B2N4,,,Undivided Co-ownership,,
-73.699894,45.524262,490000,1367.0153,358,2,4,2,House,"$490,000",Single Family,"2305 Rue Stanislas|Montréal (Saint-Laurent), Quebec H4L3B6",Carport,3,300,Residential,,"Carport, Other",H4L3B6,,Other,,,
-73.749714,45.52574,549000,1533,358,2,3,15,Apartment,"$549,000",Single Family,"4300 Place des Cageux|#1204|Laval (Chomedey), Quebec H7W4Z3",Garage,2,300,Residential,"Highway, Golf Course, Hospital, Park, Schools, Public Transit",Garage,H7W4Z3,,,Condominium/Strata,,
-73.649287,45.423537,555000,1550.0016,358,2,3,2,House,"$555,000",Single Family,"117 Rue Hayward|Montréal (LaSalle), Quebec H8R2G6",Other,3,300,,"Highway, CEGEP, Golf Course, Hospital, Park, Schools, Ski hill, Public Transit","Other, Garage",H8R2G6,,Garage,,,
-73.66399301,45.43523986,489900,1372,357,2,3,10,Apartment,"$489,900 +  GST +  QST",Single Family,"303 Boul. St-Joseph|#406|Montréal (Lachine), Quebec H8S2K9",,,300,Residential,"Highway, CEGEP, Hospital, Park, Schools, Public Transit",,H8S2K9,,,Condominium/Strata,,
-73.66411317,45.43517963,498900,1398,356,2,3,10,Apartment,"$498,900 +  GST +  QST",Single Family,"303 Boul. St-Joseph|#302|Montréal (Lachine), Quebec H8S2K9",,,300,Residential,"Highway, CEGEP, Hospital, Park, Schools, Public Transit",,H8S2K9,,,Condominium/Strata,,
-73.59675823,45.46205651,415000,1163,356,2,3,3,Apartment,"$415,000 +  GST +  QST",Single Family,"5655 Rue Briand|Montréal (Le Sud-Ouest), Quebec H3E3G8",,,300,Residential,"Highway, CEGEP, Hospital, Park, Schools, Public Transit, University",,H3E3G8,,,Condominium/Strata,,
-73.6796101,45.52926526,390000,1097.9178,355,2,3,10,Apartment,"$390,000",Single Family,"385 Boul. Deguire|#405|Montréal (Saint-Laurent), Quebec H4N0A7",Garage,1,300,Residential,"Highway, CEGEP, Hospital, Park, Schools, Public Transit, University",Garage,H4N0A7,,,Condominium/Strata,,
-73.66423334,45.43517963,491900,1398,351,2,3,10,Apartment,"$491,900 +  GST +  QST",Single Family,"303 Boul. St-Joseph|#202|Montréal (Lachine), Quebec H8S2K9",,,300,Residential,"Highway, CEGEP, Hospital, Park, Schools, Public Transit",,H8S2K9,,,Condominium/Strata,,
-73.671506,45.43468,549000,1570,349,2,4,3,Apartment,"$549,000 +  GST +  QST",Single Family,"875 Rue Notre-Dame|#D|Montréal (Lachine), Quebec H8S2B8",,,300,Residential/Commercial,"Highway, Hospital, Park, Schools, Public Transit",,H8S2B8,,,Condominium/Strata,,
-73.749714,45.52574,439900,1259.3763,349,2,3,16,Apartment,"$439,900",Single Family,"4300 Place des Cageux|#1101|Laval (Chomedey), Quebec H7W4Z3",Garage,2,300,Residential,"Highway, CEGEP, Park, Schools, Public Transit, University",Garage,H7W4Z3,,,Condominium/Strata,,
-73.60621625,45.44955449,496293,1423,348,2,3,10,Apartment,"$496,293 +  GST +  QST",Single Family,"1700 Rue Viola-Desmond|#214|Montréal (LaSalle), Quebec H8N0C8",Garage,1,300,Residential,"Highway, CEGEP, Hospital, Park, Schools, Public Transit","Garage, Integrated Garage",H8N0C8,,Integrated Garage,Condominium/Strata,,
-73.502983,45.520852,418347,1200,348,2,3,2,House,"$418,347 +  GST +  QST",Single Family,"1021Z Rue St-Georges (Longueuil)|Longueuil (Le Vieux-Longueuil), Quebec J4K3Z4",Other,1,300,Residential,"Highway, CEGEP, Park, Schools, Public Transit, University",Other,J4K3Z4,,,,,
-73.53676328,45.4651454,479000,1388,345,2,3,14,Apartment,"$479,000",Single Family,"30 Rue Berlioz|#1109|Montréal (Verdun/Île-des-Soeurs), Quebec H3E1L3",Garage,1,300,Residential,"Highway, Golf Course, Park, Schools, Public Transit","Garage, Integrated Garage",H3E1L3,,Integrated Garage,Condominium/Strata,,
-73.55021498,45.52828635,649900,1889.87,343,2,3,3,Apartment,"$649,900",Single Family,"1603 Rue Fullum|Montréal (Ville-Marie), Quebec H2K3M5",,,300,Residential,"Highway, Park, Schools, Public Transit",,H2K3M5,3467 sqft,,Undivided Co-ownership,,
-73.798177,45.538802,449000,1309.97,342,2,3,4,Apartment,"$449,000",Single Family,"991 Mtée Champagne|#404|Laval (Sainte-Dorothée), Quebec H7X0C2",Integrated Garage,2,300,Residential,"Highway, CEGEP, Golf Course, Park, Schools, Public Transit","Integrated Garage, Garage",H7X0C2,,Garage,Condominium/Strata,,
-73.70177098,45.49981244,484500,1420,341,2,3,12,Apartment,"$484,500",Single Family,"11015 Boul. Cavendish|#310|Montréal (Saint-Laurent), Quebec H4R2H5",Garage,1,300,Residential,"Highway, CEGEP, Hospital, Park, Schools, Public Transit","Garage, Integrated Garage",H4R2H5,,Integrated Garage,Condominium/Strata,,
-73.53367285,45.38742199,462650,1358,340,2,3,7,Apartment,"$462,650 +  GST +  QST",Single Family,"64 Ch. St-François-Xavier|#712|Candiac, Quebec J5R5V4",Garage,1,300,Residential,"Highway, Golf Course, Hospital, Park, Schools, Public Transit",Garage,J5R5V4,,,Condominium/Strata,,
-73.53713652,45.46537811,479000,1413,338,2,3,14,Apartment,"$479,000",Single Family,"30 Rue Berlioz|#505|Montréal (Verdun/Île-des-Soeurs), Quebec H3E1L3",Garage,2,300,Residential,"Highway, Golf Course, Park, Schools, Public Transit","Garage, Integrated Garage, Other",H3E1L3,,Integrated Garage,Condominium/Strata,Other,
-73.53690748,45.46524004,469000,1390,337,2,3,14,Apartment,"$469,000",Single Family,"30 Rue Berlioz|#511|Montréal (Verdun/Île-des-Soeurs), Quebec H3E1L3",Integrated Garage,1,300,Residential,"Highway, Golf Course, Park, Schools, Public Transit","Integrated Garage, Garage",H3E1L3,,Garage,Condominium/Strata,,
-73.665644,45.430631,558000,1656,336,2,3,3,Apartment,"$558,000 +  GST +  QST",Single Family,"240 Rue Lyette|#201|Montréal (LaSalle), Quebec H8R3T5",Garage,1,300,Residential,,Garage,H8R3T5,,,Condominium/Strata,,
-73.49564443,45.45262821,494000,1469,336,2,3,15,Apartment,"$494,000",Single Family,"8120 Boul. St-Laurent|#203|Brossard, Quebec J4X2P2",Garage,2,300,Residential,"Highway, CEGEP, Golf Course, Hospital, Park, Schools, Ski hill, Public Transit, University","Garage, Integrated Garage, Other",J4X2P2,,Integrated Garage,Condominium/Strata,Other,
-73.698478,45.501231,565000,1689.9323,334,3,3,8,Apartment,"$565,000",Single Family,"2750 Boul. de la Côte-Vertu|#606|Montréal (Saint-Laurent), Quebec H4R2P3",Garage,2,300,Residential,"Highway, CEGEP, Hospital, Park, Schools, Public Transit",Garage,H4R2P3,,,Condominium/Strata,,
-73.53670394,45.4651156,459000,1386,331,2,3,14,Apartment,"$459,000",Single Family,"30 Rue Berlioz|#415|Montréal (Verdun/Île-des-Soeurs), Quebec H3E1L3",Integrated Garage,1,300,Residential,"Highway, Golf Course, Park, Schools, Public Transit","Integrated Garage, Garage",H3E1L3,,Garage,Condominium/Strata,,
-73.55519,45.533891,499750,1510,330,2,5,3,Apartment,"$499,750",Single Family,"2172-2174 Rue Frontenac|Montréal (Ville-Marie), Quebec H2K2Z3",,,300,Residential,"Highway, CEGEP, Schools, Public Transit",,H2K2Z3,,,Condominium/Strata,,
-73.491579,45.412516,485000,1479,327,2,3,3,Apartment,"$485,000",Single Family,"540 Rue Brossard|La Prairie, Quebec J5R2T9",Detached Garage,2,300,Residential,"CEGEP, Park, Schools, Public Transit","Detached Garage, Garage",J5R2T9,,Garage,Condominium/Strata,,
-73.74515402,45.43991594,520000,1588,327,2,4,1,House,"$520,000",Single Family,"135 Av. Lepage|Dorval, Quebec H9S3E5",Other,4,300,Residential,Highway,Other,H9S3E5,914 sqft,,,,
-73.51548628,45.53239722,649000,1985,326,2,4,2,Apartment,"$649,000",Single Family,"174 Boul. Quinn|Longueuil (Le Vieux-Longueuil), Quebec J4H2M8",Garage,2,300,Residential,"Highway, CEGEP, Schools, Public Transit, University","Garage, Other",J4H2M8,,Other,Condominium/Strata,,
-73.51284573,45.53345003,649000,1985,326,2,4,1,House,"$649,000",Single Family,"174Z Boul. Quinn|Longueuil (Le Vieux-Longueuil), Quebec J4H2M8",Garage,2,300,,"Highway, CEGEP, Hospital, Schools, Public Transit, University","Garage, Other",J4H2M8,,Other,,,
-73.53342608,45.38735418,361175,1107,326,2,3,7,Apartment,"$361,175 +  GST +  QST",Single Family,"64 Ch. St-François-Xavier|#118|Candiac, Quebec J5R5V4",Garage,1,300,Residential,"Highway, Golf Course, Hospital, Park, Schools, Public Transit",Garage,J5R5V4,,,Condominium/Strata,,
-73.631083,45.471014,659000,2023.6132,325,2,3,2,Apartment,"$659,000",Single Family,"6152 Rue de Terrebonne|Montréal (Côte-des-Neiges/Notre-Dame-de-Grâce), Quebec H4B1A3",Other,1,300,Residential,"Highway, CEGEP, Hospital, Park, Schools, Public Transit, University",Other,H4B1A3,,,Undivided Co-ownership,,
-73.59886,45.452146,649000,2000,324,2,5,2,House,"$649,000",Single Family,"6582Z-6584Z Rue Hurteau|Montréal (Le Sud-Ouest), Quebec H4E2Y6",,,300,Residential,"Highway, CEGEP, Hospital, Park, Schools, Public Transit, University",,H4E2Y6,,,,,
-73.754902,45.527111,640000,1991.3215,321,3,5,2,House,"$640,000",Single Family,"176 Crois. de l'Arcade|Laval (Chomedey), Quebec H7W4Y3",Garage,7,300,Residential,"Highway, Park, Schools","Garage, Integrated Garage, Other",H7W4Y3,,Integrated Garage,,Other,
-73.663899,45.441866,520000,1620,320,2,3,2,House,"$520,000",Single Family,"19Z Rue Provost|Montréal (Lachine), Quebec H8S1L3",Garage,2,300,Residential,"Highway, CEGEP, Hospital, Park, Schools, Public Transit","Garage, Integrated Garage",H8S1L3,,Integrated Garage,,,
-73.502983,45.520852,491411,1532,320,2,4,2,House,"$491,411 +  GST +  QST",Single Family,"1019Z Rue St-Georges (Longueuil)|Longueuil (Le Vieux-Longueuil), Quebec J4K3Z4",Other,1,300,Residential,"Highway, CEGEP, Park, Schools, Public Transit, University",Other,J4K3Z4,,,,,
-73.48946537,45.43205293,379000,1183,320,2,3,3,Apartment,"$379,000",Single Family,"9512 Rue Riverin|Brossard, Quebec J4X3A8",Integrated Garage,2,300,Residential,"Highway, Schools, Public Transit","Integrated Garage, Garage",J4X3A8,,Garage,Condominium/Strata,,
-73.601014,45.432997,699000,2191,319,2,3,2,House,"$699,000",Single Family,"7603 Rue Broadway|Montréal (LaSalle), Quebec H8P1H2",Other,2,300,Residential,"Highway, Park, Schools, Public Transit",Other,H8P1H2,1118 sqft,,,,
-73.50845413,45.4037811,343800,1097.9178,313,2,4,2,House,"$343,800 +  GST +  QST",Single Family,"295 Rue Léon-Bloy O.|La Prairie, Quebec J5R3G5",Other,2,300,Residential,,Other,J5R3G5,51.05 m2,,,,
-73.607195,45.432945,459000,1477,310,2,3,3,Apartment,"$459,000",Single Family,"1018 Rue Thierry|Montréal (LaSalle), Quebec H8N2Y6",Garage,1,300,Residential,"CEGEP, Hospital, Park",Garage,H8N2Y6,,,Condominium/Strata,,
-73.64086817,45.43512543,682000,2195.8356,310,2,3,2,Duplex,"$682,000",Single Family,"517-519 Rue d'Oka|Montréal (LaSalle), Quebec H8R3E2",Garage,1,300,Residential,,"Garage, Integrated Garage",H8R3E2,,Integrated Garage,,,2
-73.5095,45.404041,339000,1097.9178,308,2,3,2,House,"$339,000 +  GST +  QST",Single Family,"242 Rue Léon-Bloy O.|La Prairie, Quebec J5R3G5",Other,1,300,Residential,,Other,J5R3G5,51.05 m2,,,,
-73.777067,45.53317,639000,2088.1965999999998,306,2,4,2,House,"$639,000",Single Family,"5128 Av. Charlevoix|Laval (Chomedey), Quebec H7W1J9",,,300,Residential,,,H7W1J9,194.8 m2,,,,
-73.60709,45.432943,459000,1528.4738,300,2,3,2,Apartment,"$459,000",Single Family,"1014 Rue Thierry|Montréal (LaSalle), Quebec H8N2Y6",Integrated Garage,1,300,Residential,"CEGEP, Hospital, Park, Schools, Public Transit","Integrated Garage, Garage",H8N2Y6,,Garage,Condominium/Strata,,
-73.53355483,45.38738432,335734,1134,296,2,3,7,Apartment,"$335,734 +  GST +  QST",Single Family,"64 Ch. St-François-Xavier|#211|Candiac, Quebec J5R5V4",Garage,1,300,Residential,"Highway, Golf Course, Hospital, Park, Schools, Public Transit",Garage,J5R5V4,,,Condominium/Strata,,
-73.576512,45.456626,599000,2024,295,2,4,4,Apartment,"$599,000",Single Family,"4941 Rue Bannantyne|#1|Montréal (Verdun/Île-des-Soeurs), Quebec H4G3G5",Other,1,300,Residential,"Highway, Hospital, Park, Schools, Public Transit",Other,H4G3G5,,,Condominium/Strata,,
-73.4894694,45.45094089,659000,2228.1273,295,2,6,2,House,"$659,000",Single Family,"745 Crois. Savard|Brossard, Quebec J4X1X9",Garage,3,300,Residential,"Highway, Park, Schools, Public Transit","Garage, Integrated Garage, Other",J4X1X9,,Integrated Garage,,Other,
-73.640047,45.496662,349000,1205.5567999999998,289,2,3,3,Apartment,"$349,000",Single Family,"4711 Av. Plamondon|#107|Montréal (Côte-des-Neiges/Notre-Dame-de-Grâce), Quebec H3W1E4",,,300,Residential,"Highway, CEGEP, Hospital, Schools, Public Transit, University",,H3W1E4,,,Condominium/Strata,,
-73.66952312,45.52091097,399900,1385,288,2,3,14,Apartment,"$399,900",Single Family,"725 Place Fortier|#507|Montréal (Saint-Laurent), Quebec H4L5B9",Garage,1,300,Residential,"Highway, CEGEP, Schools, Public Transit",Garage,H4L5B9,,,Condominium/Strata,,
-73.50121971,45.47879494,439000,1529,287,2,3,12,Apartment,"$439,000",Single Family,"7 Boul. Simard|#707|Saint-Lambert, Quebec J4S1Y4",Garage,2,300,Residential,"Highway, Golf Course, Park, Public Transit","Garage, Other",J4S1Y4,,Other,Condominium/Strata,,
-73.65892205,45.47445604,309000,1076.3899999999999,287,2,3,18,Apartment,"$309,000",Single Family,"5720 Boul. Cavendish|#1009|Côte-Saint-Luc, Quebec H4W1S9",Garage,1,300,Residential,,"Garage, Integrated Garage",H4W1S9,,Integrated Garage,Condominium/Strata,,
-73.496668,45.513588,434000,1516,286,2,4,2,House,"$434,000 +  GST +  QST",Single Family,"1596 Boul. La Fayette|Longueuil (Le Vieux-Longueuil), Quebec J4K3B7",Other,2,300,Residential,"CEGEP, Hospital, Park, Schools, Public Transit, University",Other,J4K3B7,758 sqft,,,,
-73.753119,45.532634,429000,1548,277,2,4,2,House,"$429,000",Single Family,"4338 5e Rue|Laval (Chomedey), Quebec H7W2E6",Integrated Garage,2,300,Residential,"Highway, CEGEP, Schools, Public Transit","Integrated Garage, Other, Garage",H7W2E6,,Other,,Garage,
-73.549389,45.391466,439000,1600,274,2,3,1,House,"$439,000",Single Family,"1075 Rue Jogues|Sainte-Catherine, Quebec J5C1T7",Other,7,300,Residential/Commercial,"Highway, Public Transit",Other,J5C1T7,1600 sqft,,,,
-73.496788,45.513628,410000,1516,270,2,4,2,House,"$410,000 +  GST +  QST",Single Family,"1592 Boul. La Fayette|Longueuil (Le Vieux-Longueuil), Quebec J4K3B7",Other,2,300,Residential,"CEGEP, Hospital, Park, Schools, Public Transit, University",Other,J4K3B7,758 sqft,,,,
-73.743915,45.533124,368900,1367.0153,269,2,3,3,Apartment,"$368,900",Single Family,"4035 Boul. Lévesque O.|#2|Laval (Chomedey), Quebec H7W2P3",Garage,5,300,Residential,"Highway, CEGEP, Hospital, Park, Schools, Public Transit, University","Garage, Integrated Garage, Other",H7W2P3,,Integrated Garage,Condominium/Strata,Other,
-73.61404405,45.43952469,696500,2593,268,3,5,2,House,"$696,500 +  GST +  QST",Single Family,"1733 Rue du Bois-des-Caryers|Montréal (LaSalle), Quebec H8N0E5",Integrated Garage,2,300,Residential,"Highway, CEGEP, Hospital, Park, Schools, Public Transit","Integrated Garage, Garage",H8N0E5,,Garage,,,
-73.75006349,45.39717558,395000,1498,263,2,4,2,House,"$395,000",Single Family,"479 Boul. Salaberry N.|Châteauguay, Quebec J6J4M5",Other,2,300,Residential,"Highway, Golf Course, Hospital, Park, Schools, Public Transit",Other,J6J4M5,838 sqft,,,,
-73.49712,45.513501,399000,1516,263,2,4,2,House,"$399,000 +  GST +  QST",Single Family,"1594 Boul. La Fayette|Longueuil (Le Vieux-Longueuil), Quebec J4K3B7",Other,2,300,Residential,"CEGEP, Hospital, Park, Schools, Public Transit, University",Other,J4K3B7,758 sqft,,,,
-73.549389,45.391466,439000,1668.4044999999999,263,2,3,2,Duplex,"$439,000",Single Family,"1075Z-1085 Rue Jogues|Sainte-Catherine, Quebec J5C1T7",Other,7,300,Residential,"Park, Schools, Public Transit",Other,J5C1T7,,,,,2
-73.61344496,45.43948753,691500,2653,260,3,5,2,House,"$691,500 +  GST +  QST",Single Family,"1743 Rue du Bois-des-Caryers|Montréal (LaSalle), Quebec H8N0E5",Integrated Garage,1,300,Residential,"Highway, CEGEP, Hospital, Park, Schools, Public Transit","Integrated Garage, Garage",H8N0E5,,Garage,,,
-73.537231,45.465224,399000,1550,257,2,3,14,Apartment,"$399,000",Single Family,"30 Rue Berlioz|#205|Montréal (Verdun/Île-des-Soeurs), Quebec H3E1L3",Garage,1,300,Residential,"Highway, Golf Course, Hospital, Park, Schools, Public Transit","Garage, Integrated Garage",H3E1L3,,Integrated Garage,Condominium/Strata,,
-73.61358391,45.43948386,666500,2653,251,3,5,2,House,"$666,500 +  GST +  QST",Single Family,"1751 Rue du Bois-des-Caryers|Montréal (LaSalle), Quebec H8N0E5",Integrated Garage,1,300,Residential,"Highway, CEGEP, Hospital, Park, Schools, Public Transit","Integrated Garage, Garage",H8N0E5,,Garage,,,
-73.49531791,45.45933958,400000,1640,243,2,3,14,Apartment,"$400,000",Single Family,"7680 Boul. Marie-Victorin|#1005|Brossard, Quebec J4W3L2",Garage,1,300,Residential,"Highway, CEGEP, Golf Course, Park, Schools, Public Transit",Garage,J4W3L2,,,Condominium/Strata,,
-73.493435,45.459761,375000,1652,226,2,3,15,Apartment,"$375,000",Single Family,"7680 Boul. Marie-Victorin|#406|Brossard, Quebec J4W3L2",Garage,1,300,Residential,"Highway, Schools, Public Transit","Garage, Integrated Garage",J4W3L2,,Integrated Garage,Condominium/Strata,,
-73.604997,45.429721,399000,1781,224,4,8,2,House,"$399,000",Single Family,"7738-7740 Rue George|Montréal (LaSalle), Quebec H8P1C7",Other,1,300,Residential,"CEGEP, Park, Schools, Public Transit",Other,H8P1C7,,,,,
-73.48753951,45.45440243,393000,1800,218,2,3,2,House,"$393,000",Single Family,"872 Place Sardaigne|Brossard, Quebec J4X1L7",Garage,1,300,Residential,"Highway, Golf Course, Park, Public Transit","Garage, Integrated Garage",J4X1L7,,Integrated Garage,,,
-73.757774,45.542025,629000,3102,202,4,7,2,House,"$629,000",Single Family,"1202 Rue Maria|Laval (Chomedey), Quebec H7W1J7",Other,6,300,Residential,"Highway, Park, Schools","Other, Garage",H7W1J7,2484 sqft,Garage,,,
-73.503584,45.409682,650000,8200,79,5,14,1,House,"$650,000",Single Family,"60 Rue du Parc|La Prairie, Quebec J5R3A4",,,300,Residential/Commercial,,,J5R3A4,4158 sqft,,,,
-73.59305991,45.43336717,599000,28222.945799999998,21,2,4,2,House,"$599,000",Single Family,"130 Av. Alepin|Montréal (LaSalle), Quebec H8P2E1",,,300,Residential,,,H8P2E1,874 m2,,,,
-73.581044,45.395615,300000,,#ERR,2,5,1,House,"$300,000",Single Family,"1545 Rue Alfred-DesRochers|Sainte-Catherine, Quebec J5C1E3",Other,5,300,Residential,"Highway, Park, Schools, Public Transit",Other,J5C1E3,,,,,
-73.56813142,45.39026782,305000,,#ERR,2,3,1,House,"$305,000",Single Family,"1545 Rue Brébeuf|Sainte-Catherine, Quebec J5C1V7",,,300,Residential,,,J5C1V7,84.0000,,,,
-73.4927782,45.41154175,325000,,#ERR,2,5,1,House,"$325,000",Single Family,"525 Rue Favre|La Prairie, Quebec J5R2V6",Garage,5,300,Residential,"Highway, Golf Course, Park, Schools, Public Transit","Garage, Detached Garage, Other",J5R2V6,,Detached Garage,,Other,
-73.753327,45.530166,329000,,#ERR,2,3,2,House,"$329,000",Single Family,"279 Place Samson|Laval (Chomedey), Quebec H7W3T8",Other,1,300,Residential,"Highway, CEGEP, Park, Schools, Public Transit",Other,H7W3T8,,,,,
-73.57868646,45.38422865,349000,,#ERR,2,3,1,House,"$349,000",Single Family,"87 Rue Laplante|Saint-Constant, Quebec J5A1L4",,,300,Residential,"Highway, Public Transit",,J5A1L4,,,,,
-73.70821,45.548181,349900,,#ERR,2,4,1,House,"$349,900",Single Family,"29 Av. Brien|Laval (Laval-des-Rapides), Quebec H7N3L7",Other,2,300,Residential,"Highway, Park, Schools, Public Transit",Other,H7N3L7,,,,,
-73.48756365,45.41586194,374000,,#ERR,2,3,2,House,"$374,000",Single Family,"568 Ch. de St-Jean|La Prairie, Quebec J5R2L1",Other,2,300,Residential,"Highway, Park, Schools, Public Transit",Other,J5R2L1,,,,,
-73.546565,45.395086,374000,,#ERR,2,4,1,House,"$374,000",Single Family,"505 Rue du Titanic|Sainte-Catherine, Quebec J5C1Z9",Other,4,300,Residential,"Highway, Park, Schools, Public Transit",Other,J5C1Z9,,,,,
-73.777148,45.529592,380000,,#ERR,2,3,1,House,"$380,000",Single Family,"5246 Av. Clarendon|Laval (Chomedey), Quebec H7W4W9",Garage,1,300,Residential,,"Garage, Integrated Garage",H7W4W9,,Integrated Garage,,,
-73.485953,45.539775,388800,,#ERR,2,5,1,House,"$388,800",Single Family,"1122 Boul. Roland-Therrien|Longueuil (Le Vieux-Longueuil), Quebec J4J4L1",Other,3,300,Residential,"Highway, CEGEP, Hospital, Park, Schools, Public Transit",Other,J4J4L1,,,,,
-73.530656,45.398053,397800,,#ERR,2,6,2,House,"$397,800",Single Family,"103 Av. Mermoz|Candiac, Quebec J5R4T1",Other,3,300,Residential,"Highway, Park, Schools, Public Transit",Other,J5R4T1,,,,,
-73.48416231,45.45981605,398000,,#ERR,2,4,2,House,"$398,000",Single Family,"7669 Place Trahan|Brossard, Quebec J4W3E5",Other,2,300,Residential,"Highway, CEGEP, Golf Course, Hospital, Park, Schools, Public Transit",Other,J4W3E5,,,,,
-73.554906,45.391556,399000,,#ERR,2,4,1,House,"$399,000",Single Family,"1125 Rue Colomb|Sainte-Catherine, Quebec J5C1S9",Other,4,300,Residential,,Other,J5C1S9,,,,,
-73.579556,45.389378,399000,,#ERR,2,5,1,House,"$399,000",Single Family,"25 Rue Proulx|Saint-Constant, Quebec J5A1N2",Other,6,300,Residential,"Park, Schools, Public Transit",Other,J5A1N2,,,,,
-73.56577744,45.40227322,399000,,#ERR,2,5,1,House,"$399,000",Single Family,"285 Rue de Cartier|Sainte-Catherine, Quebec J0L1E0",Other,4,300,Residential,"Park, Schools, Public Transit",Other,J0L1E0,96.0000,,,,
-73.59305854,45.39118513,399900,,#ERR,2,3,2,House,"$399,900",Single Family,"18 Rue Marsolet|Saint-Constant, Quebec J5A1T4",Other,3,300,Residential,"Highway, Public Transit",Other,J5A1T4,,,,,
-73.4911739,45.39605772,399900,,#ERR,2,3,2,House,"$399,900",Single Family,"1675 Boul. St-José|La Prairie, Quebec J5R6A5",Other,2,300,Residential,"Highway, Park, Schools, Public Transit",Other,J5R6A5,,,,,
-73.774662,45.528105,409000,,#ERR,2,4,2,House,"$409,000",Single Family,"5050 Rue de Chambord|Laval (Chomedey), Quebec H7W4R8",Other,2,300,Residential,"Highway, Park, Schools, Public Transit",Other,H7W4R8,56.4300,,,,
-73.491529,45.441579,409000,,#ERR,2,3,2,House,"$409,000",Single Family,"1621Z Av. Stravinski|Brossard, Quebec J4X2V9",Integrated Garage,2,300,Residential,"Highway, Park, Schools, Public Transit","Integrated Garage, Garage, Other",J4X2V9,,Garage,,Other,
-73.75572375,45.53992718,419000,,#ERR,3,5,1,House,"$419,000",Single Family,"1193 Av. Shorecrest|Laval (Chomedey), Quebec H7W1R4",Garage,2,300,Residential,"Highway, CEGEP, Park, Schools, Public Transit, University","Garage, Other",H7W1R4,,Other,,,
-73.481493,45.512815,419000,,#ERR,2,6,2,House,"$419,000",Single Family,"1115 Boul. Nobert|Longueuil (Le Vieux-Longueuil), Quebec J4K2N8",,,300,Residential,"Highway, CEGEP, Golf Course, Hospital, Park, Schools, Ski hill, Public Transit, University",,J4K2N8,,,,,
-73.80157303,45.50827647,422000,,#ERR,2,4,1,House,"$422,000",Single Family,"63 3e Avenue S.|Montréal (Pierrefonds-Roxboro), Quebec H8Y2L3",,,300,Residential,,,H8Y2L3,,,,,
-73.56471717,45.39149388,424900,,#ERR,2,3,1,House,"$424,900",Single Family,"4685 Rue des Cormorans|Sainte-Catherine, Quebec J5C1R2",Garage,5,300,Residential,"Highway, Park, Schools, Public Transit","Garage, Other",J5C1R2,,Other,,,
-73.742014,45.538017,425000,,#ERR,2,3,1,House,"$425,000",Single Family,"556 80e Avenue|Laval (Chomedey), Quebec H7V3J8",Other,4,300,Residential,"Highway, Hospital, Park, Schools, Public Transit, University",Other,H7V3J8,,,,,
-73.568849,45.39378519,429000,,#ERR,2,4,1,House,"$429,000",Single Family,"4925 Rue des Chênes|Sainte-Catherine, Quebec J5C1L1",Other,3,300,Residential,"Highway, Park, Schools, Public Transit",Other,J5C1L1,,,,,
-73.801161,45.517305,429000,,#ERR,2,5,1,House,"$429,000",Single Family,"480 Rue Gandhi|Laval (Sainte-Dorothée), Quebec H7X2P1",Other,2,300,Residential,"Highway, Park, Public Transit",Other,H7X2P1,,,,,
-73.49020673,45.41942246,429900,,#ERR,2,4,1,House,"$429,900",Single Family,"85 Rue Brosseau|La Prairie, Quebec J5R1N2",,,300,Residential,,,J5R1N2,,,,,
-73.48894,45.519925,439000,,#ERR,2,4,2,House,"$439,000 +  GST +  QST",Single Family,"1862 Rue Marmier|Longueuil (Le Vieux-Longueuil), Quebec J4K4T4",Other,1,300,Residential,"Highway, Hospital, Park, Schools, Public Transit",Other,J4K4T4,681.0000,,,,
-73.508712,45.407403,439000,,#ERR,2,4,2,House,"$439,000",Single Family,"1230 Rue Fournelle|La Prairie, Quebec J5R5E7",Other,2,300,Residential,,Other,J5R5E7,,,,,
-73.70055,45.525109,439000,,#ERR,2,3,2,House,"$439,000",Single Family,"2430 Rue de la Sorbonne|Montréal (Saint-Laurent), Quebec H4L3C1",Other,2,300,Residential,,Other,H4L3C1,,,,,
-73.715338,45.54746019,439900,,#ERR,2,5,1,House,"$439,900",Single Family,"92 Av. Verdi|Laval (Laval-des-Rapides), Quebec H7N3C4",Other,2,300,Residential,"CEGEP, Hospital, Park, Schools, Public Transit",Other,H7N3C4,,,,,
-73.701438,45.552134,449000,,#ERR,2,5,1,House,"$449,000",Single Family,"269 Rue Laurier|Laval (Laval-des-Rapides), Quebec H7N2M7",,,300,Residential,,,H7N2M7,1300.0000,,,,
-73.488558,45.45441253,449000,,#ERR,2,4,2,House,"$449,000",Single Family,"795 Rue Strauss|Brossard, Quebec J4X1N1",Integrated Garage,2,300,Residential,"Highway, CEGEP, Golf Course, Park, Schools, Public Transit","Integrated Garage, Other, Garage",J4X1N1,897.0000,Other,,Garage,
-73.741807,45.540331,449000,,#ERR,2,3,2,House,"$449,000",Single Family,"668 Rue Gabor|Laval (Chomedey), Quebec H7V3T9",Integrated Garage,2,300,Residential,"Highway, Golf Course, Hospital, Park, Schools, Public Transit","Integrated Garage, Garage, Other",H7V3T9,,Garage,,Other,
-73.592144,45.387197,449000,,#ERR,2,3,1,House,"$449,000",Single Family,"53 Rue Mondat|Saint-Constant, Quebec J5A1S7",Other,4,300,Residential,"Highway, Park, Schools, Public Transit",Other,J5A1S7,,,,,
-73.735226,45.541357,449900,,#ERR,2,3,1,House,"$449,900",Single Family,"528 70e Avenue|Laval (Chomedey), Quebec H7V2P9",Other,4,300,Residential,"Highway, CEGEP, Park, Schools, Public Transit",Other,H7V2P9,,,,,
-73.731075,45.543039,449900,,#ERR,2,4,1,House,"$449,900",Single Family,"3161 3e Rue|Laval (Chomedey), Quebec H7V1K5",Garage,2,300,Residential,"Highway, Park, Schools, Public Transit","Garage, Other",H7V1K5,,Other,,,
-73.48796401,45.43373921,458000,,#ERR,2,4,2,House,"$458,000",Single Family,"9480 Rue Renaud|Brossard, Quebec J4X3A1",Integrated Garage,3,300,Residential,"Highway, Park, Public Transit","Integrated Garage, Garage, Other",J4X3A1,,Garage,,Other,
-73.728144,45.545015,469000,,#ERR,2,3,1,House,"$469,000",Single Family,"512 61e Avenue|Laval (Chomedey), Quebec H7V2G1",Other,2,300,Residential,"Highway, CEGEP, Hospital, Park, Schools, Public Transit",Other,H7V2G1,,,,,
-73.482392,45.447199,469000,,#ERR,2,3,4,Apartment,"$469,000",Single Family,"8960 Boul. Rivard|#302|Brossard, Quebec J4X1Y1",Garage,1,300,Residential,"Highway, Park, Schools, Public Transit","Garage, Integrated Garage",J4X1Y1,,Integrated Garage,Condominium/Strata,,
-73.76853919,45.5364424,475000,,#ERR,2,3,1,House,"$475,000",Single Family,"965 Av. Effingham|Laval (Chomedey), Quebec H7W4B8",Garage,4,300,Residential,"Highway, Park, Schools, Public Transit","Garage, Integrated Garage, Other",H7W4B8,,Integrated Garage,,Other,
-73.68533278,45.44234665,475000,,#ERR,2,3,2,House,"$475,000",Single Family,"702 24e Avenue|Montréal (Lachine), Quebec H8S3W3",Other,3,300,Residential,"Highway, Hospital, Park, Schools, Public Transit",Other,H8S3W3,,,,,
-73.749835,45.539191,475000,,#ERR,2,4,1,House,"$475,000",Single Family,"4020 9e Rue|Laval (Chomedey), Quebec H7W1X8",Other,5,300,,"Highway, CEGEP, Park, Schools, Public Transit","Other, Garage",H7W1X8,,Garage,,,
-73.70816303,45.437733,489000,,#ERR,2,3,2,House,"$489,000",Single Family,"54 47e Avenue|Montréal (Lachine), Quebec H8T2P5",Other,1,300,Residential,"Park, Schools, Public Transit",Other,H8T2P5,,,,,
-73.489309,45.469002,489000,,#ERR,2,4,1,House,"$489,000",Single Family,"720 Rue Van-Dyck|Brossard, Quebec J4W2E5",Garage,2,300,Residential,"Highway, Park, Schools, Public Transit","Garage, Integrated Garage, Other",J4W2E5,,Integrated Garage,,Other,
-73.710911,45.536936,495000,,#ERR,2,4,2,House,"$495,000",Single Family,"12271 Rue Dépatie|Montréal (Ahuntsic-Cartierville), Quebec H4J1X1",Detached Garage,2,300,Residential,"Highway, CEGEP, Park, Schools, Public Transit","Detached Garage, Garage, Other",H4J1X1,,Garage,,Other,
-73.759289,45.534589,499000,,#ERR,2,3,1,House,"$499,000",Single Family,"1432 Place Montcalm|Laval (Chomedey), Quebec H7W3W2",Other,5,300,Residential,"Highway, Park, Schools, Public Transit","Other, Garage",H7W3W2,103.9900,Garage,,,
-73.669251,45.5491,499000,,#ERR,2,3,2,Apartment,"$499,000",Single Family,"35 Rue Leslie-Gault|Montréal (Ahuntsic-Cartierville), Quebec H3L1P6",Garage,2,300,Residential,"Highway, CEGEP, Hospital, Park, Schools, Public Transit","Garage, Other",H3L1P6,,Other,Undivided Co-ownership,,
-73.766019,45.453121,499000,,#ERR,2,4,1,House,"$499,000",Single Family,"621 Av. Clément|Dorval, Quebec H9P2H5",Other,2,300,Residential,"Highway, Park, Schools, Public Transit",Other,H9P2H5,,,,,
-73.759343,45.532402,499000,,#ERR,2,5,1,House,"$499,000",Single Family,"4532 8e Rue|Laval (Chomedey), Quebec H7W2A4",Garage,4,300,Residential,"Schools, Public Transit","Garage, Other",H7W2A4,120.3600,Other,,,
-73.49195261,45.41888916,499000,,#ERR,2,4,1,House,"$499,000",Single Family,"150 Rue Notre-Dame|La Prairie, Quebec J5R1M1",Detached Garage,5,300,Residential,"Highway, Park, Schools, Public Transit","Detached Garage, Garage, Other",J5R1M1,,Garage,,Other,
-73.767402,45.528912,499000,,#ERR,2,4,1,House,"$499,000",Single Family,"573 Rue de Canterbury|Laval (Chomedey), Quebec H7W2B8",Integrated Garage,1,300,Residential,"Highway, Park, Schools, Public Transit","Integrated Garage, Garage",H7W2B8,,Garage,,,
-73.758945,45.541903,499000,,#ERR,2,5,2,House,"$499,000",Single Family,"1397 Boul. Élisabeth|Laval (Chomedey), Quebec H7W3K1",,,300,Residential,"Highway, Park, Schools, Public Transit",,H7W3K1,,,,,
-73.72963734,45.53996279,499000,,#ERR,2,3,1,House,"$499,000",Single Family,"266 66e Avenue|Laval (Chomedey), Quebec H7V2K9",Other,2,300,Residential,"Highway, Park, Schools, Public Transit",Other,H7V2K9,,,,,
-73.742213,45.541201,499000,,#ERR,2,3,2,House,"$499,000",Single Family,"3655 Boul. Perron|Laval (Chomedey), Quebec H7V1P4",Garage,2,300,Residential,,"Garage, Integrated Garage, Other",H7V1P4,,Integrated Garage,,Other,
-73.755753,45.54309,499900,,#ERR,3,4,2,House,"$499,900",Single Family,"1037 Rue Ridgewood|Laval (Chomedey), Quebec H7W1K9",Integrated Garage,1,300,Residential,"Highway, Schools, Public Transit","Integrated Garage, Garage",H7W1K9,,Garage,,,
-73.495289,45.464127,520000,,#ERR,2,3,2,House,"$520,000",Single Family,"7230 Place Turenne|Brossard, Quebec J4W2X4",Other,3,300,Residential,"Highway, Schools, Public Transit","Other, Garage",J4W2X4,,Garage,,,
-73.492037,45.531101,525000,,#ERR,2,3,2,House,"$525,000",Single Family,"1150 Rue St-Jacques|Longueuil (Le Vieux-Longueuil), Quebec J4J3S2",Other,3,300,Residential,"CEGEP, Park, Schools, Public Transit",Other,J4J3S2,,,,,
-73.51472792,45.3870214,529000,,#ERR,2,4,1,House,"$529,000",Single Family,"4 Av. de Bavière|Candiac, Quebec J5R5P4",Other,4,300,Residential,"Highway, Golf Course, Park, Schools, Public Transit",Other,J5R5P4,,,,,
-73.69464155,45.52984106,529900,,#ERR,2,4,1,House,"$529,900",Single Family,"4085 Rue de la Paix|Montréal (Ahuntsic-Cartierville), Quebec H4J1P9",Other,3,300,,"Highway, CEGEP, Hospital, Park, Schools, Public Transit",Other,H4J1P9,,,,,
-73.783042,45.45718,530000,,#ERR,2,4,2,House,"$530,000",Single Family,"20 Av. Belmont|Pointe-Claire, Quebec H9R2M6",Garage,1,300,,,Garage,H9R2M6,,,,,
-73.65864759,45.47736163,530000,,#ERR,2,4,2,House,"$530,000",Single Family,"5726 Ch. Merrimac|Côte-Saint-Luc, Quebec H4W1S6",Garage,1,300,Residential,"Golf Course, Park, Schools, Public Transit","Garage, Integrated Garage",H4W1S6,,Integrated Garage,,,
-73.693062,45.523899,539000,,#ERR,2,4,2,House,"$539,000",Single Family,"1885 Av. O'Brien|Montréal (Saint-Laurent), Quebec H4L3W8",Garage,4,300,Residential,"Highway, CEGEP, Hospital, Park, Schools, Public Transit, University","Garage, Other",H4L3W8,,Other,,,
-73.786998,45.523661,539000,,#ERR,3,3,2,House,"$539,000",Single Family,"526 Rue Sauvalle|Laval (Sainte-Dorothée), Quebec H7X3M9",Garage,3,300,Residential,"Highway, Hospital, Park, Schools, Public Transit","Garage, Other",H7X3M9,,Other,,,
-73.737018,45.539406,539000,,#ERR,2,4,2,Duplex,"$539,000",Single Family,"564-566 74e Avenue|Laval (Chomedey), Quebec H7V2V1",Other,4,300,Residential,,Other,H7V2V1,,,,,2
-73.49386267,45.49207769,539000,,#ERR,2,6,2,House,"$539,000",Single Family,"123 Rue Murray|Longueuil (Greenfield Park), Quebec J4V1N1",Other,4,300,Residential,"Hospital, Park, Schools, Public Transit",Other,J4V1N1,,,,,
-73.614669,45.432371,539000,,#ERR,2,3,1,House,"$539,000",Single Family,"1180 Rue Curé-De Rossi|Montréal (LaSalle), Quebec H8N2N5",Integrated Garage,2,300,Residential,"Highway, CEGEP, Hospital, Park, Schools, Public Transit","Integrated Garage, Garage, Other",H8N2N5,,Garage,,Other,
-73.770158,45.450111,539000,,#ERR,2,5,1,House,"$539,000",Single Family,"1865 Av. Cardinal|Dorval, Quebec H9P1Y6",Other,4,300,Residential,"Highway, Hospital, Park, Schools, Public Transit",Other,H9P1Y6,,,,,
-73.770647,45.548586,539000,,#ERR,2,4,1,House,"$539,000",Single Family,"1730 Place Fauteux|Laval (Chomedey), Quebec H7T1P7",Garage,4,300,Residential,"Highway, CEGEP, Golf Course, Park, Schools, Public Transit, University","Garage, Integrated Garage, Other",H7T1P7,,Integrated Garage,,Other,
-73.79259,45.502381,540000,,#ERR,2,4,2,House,"$540,000",Single Family,"151 Rue Trillium|Dollard-Des Ormeaux, Quebec H9B1T3",Integrated Garage,1,300,Residential,"Highway, CEGEP, Park, Schools, Public Transit","Integrated Garage, Garage",H9B1T3,,Garage,,,
-73.502722,45.514767,545000,,#ERR,2,3,2,House,"$545,000",Single Family,"1151Z Rue Verchères|Longueuil (Le Vieux-Longueuil), Quebec J4K2Z2",Other,2,300,Residential,"Highway, CEGEP, Golf Course, Hospital, Park, Schools, Public Transit, University",Other,J4K2Z2,1364.0000,,,,
-73.75228527,45.44734741,549000,,#ERR,2,4,1,House,"$549,000",Single Family,"435 Av. Allard|Dorval, Quebec H9S3C1",Other,4,300,Residential,"Highway, Park, Schools, Public Transit",Other,H9S3C1,,,,,
-73.688338,45.515627,549000,,#ERR,2,4,2,House,"$549,000",Single Family,"1330 Rue Beaulieu|Montréal (Saint-Laurent), Quebec H4L3H1",Other,3,300,Residential,,Other,H4L3H1,,,,,
-73.676696,45.443087,549000,,#ERR,2,3,2,House,"$549,000",Single Family,"740 14e Avenue|Montréal (Lachine), Quebec H8S3L3",Other,3,300,Residential,"Highway, Hospital, Park, Schools, Public Transit",Other,H8S3L3,,,,,
-73.511446,45.491045,549000,,#ERR,2,4,2,House,"$549,000",Single Family,"95 Rue Riverside|Saint-Lambert, Quebec J4R1A3",Other,4,300,Residential,"Highway, CEGEP, Hospital, Park, Schools, Public Transit",Other,J4R1A3,,,,,
-73.653983,45.463502,549900,,#ERR,2,4,2,House,"$549,900",Single Family,"5445 Av. Doherty|Montréal (Côte-des-Neiges/Notre-Dame-de-Grâce), Quebec H4V2B5",Other,1,300,Residential,,Other,H4V2B5,,,,,
-73.696735,45.526218,554900,,#ERR,2,4,1.5000,House,"$554,900",Single Family,"2285 Av. O'Brien|Montréal (Saint-Laurent), Quebec H4L3X1",Garage,2,300,Residential,"Highway, CEGEP, Hospital, Park, Schools, University",Garage,H4L3X1,94.0000,,,,
-73.697012,45.529188,559000,,#ERR,2,5,1,House,"$559,000",Single Family,"11575 Rue Guertin|Montréal (Ahuntsic-Cartierville), Quebec H4J1V2",Other,2,300,Residential,"Highway, Hospital, Park, Public Transit",Other,H4J1V2,,,,,
-73.764203,45.451233,569000,,#ERR,3,4,2,House,"$569,000",Single Family,"551 Boul. Pine Beach|Dorval, Quebec H9P2J4",Other,3,300,Residential,"Highway, CEGEP, Park, Schools, Public Transit",Other,H9P2J4,,,,,
-73.7767852,45.55070926,569000,,#ERR,2,3,2,House,"$569,000",Single Family,"2065 Rue Harbour|Laval (Chomedey), Quebec H7T2M5",Garage,1,300,Residential,,Garage,H7T2M5,,,,,
-73.793594,45.522738,569000,,#ERR,2,4,2,House,"$569,000",Single Family,"528 Rue Bisaillon|Laval (Sainte-Dorothée), Quebec H7X3X4",Garage,3,300,Residential,"Highway, Park, Schools, Public Transit","Garage, Integrated Garage, Other",H7X3X4,,Integrated Garage,,Other,
-73.761478,45.539389,575000,,#ERR,2,4,2,House,"$575,000",Single Family,"1392 Av. Webb|Laval (Chomedey), Quebec H7W3R7",Integrated Garage,3,300,Residential,"Highway, Park, Schools, Public Transit","Integrated Garage, Garage, Other",H7W3R7,,Garage,,Other,
-73.791822,45.462302,579000,,#ERR,2,4,2,House,"$579,000",Single Family,"255 Av. St-Louis|Pointe-Claire, Quebec H9R5L3",Garage,5,300,Residential,"Highway, CEGEP, Golf Course, Hospital, Park, Schools, Public Transit","Garage, Other",H9R5L3,,Other,,,
-73.7177,45.524484,580000,,#ERR,2,5,2,House,"$580,000",Single Family,"3082 Rue Cousineau|Montréal (Saint-Laurent), Quebec H4K1P2",Other,5,300,,"Highway, Hospital, Park, Schools, Public Transit",Other,H4K1P2,,,,,
-73.70380651,45.50327408,585000,,#ERR,2,3,10,Apartment,"$585,000",Single Family,"1500 Rue Todd|#506|Montréal (Saint-Laurent), Quebec H4R2H1",Garage,2,300,Residential,"Highway, CEGEP, Park, Schools, Public Transit","Garage, Integrated Garage",H4R2H1,,Integrated Garage,Condominium/Strata,,
-73.48178006,45.54451288,595000,,#ERR,2,4,2,House,"$595,000",Single Family,"1040 Rue Fréchette|Longueuil (Le Vieux-Longueuil), Quebec J4J1H1",Garage,2,300,Residential,"Highway, CEGEP, Golf Course, Hospital, Park, Schools, Public Transit, University","Garage, Other",J4J1H1,108.2000,Other,,,
-73.625855,45.506035,599000,,#ERR,2,4,2,Apartment,"$599,000",Single Family,"3047 Av. de Brighton|Montréal (Côte-des-Neiges/Notre-Dame-de-Grâce), Quebec H3S1T7",Garage,1,300,Residential,,"Garage, Integrated Garage",H3S1T7,313.8000,Integrated Garage,Undivided Co-ownership,,
-73.681004,45.434445,599000,,#ERR,2,3,2,House,"$599,000",Single Family,"130 19e Avenue|Montréal (Lachine), Quebec H8S3R8",Detached Garage,5,300,Residential,"Highway, Park, Schools, Public Transit","Detached Garage, Garage, Other",H8S3R8,4613.0000,Garage,,Other,
-73.490211,45.499022,599000,,#ERR,3,5,2,House,"$599,000",Single Family,"234 Rue Jeannette|Longueuil (Le Vieux-Longueuil), Quebec J4R2E1",Garage,12,300,Residential,"Highway, CEGEP, Hospital, Park, Schools, Ski hill, Public Transit, University","Garage, Detached Garage, Other",J4R2E1,,Detached Garage,,Other,
-73.652135,45.444065,599000,,#ERR,2,5,2,House,"$599,000 +  GST +  QST",Single Family,"228 Rue des Érables|Montréal (Lachine), Quebec H8R1B6",Other,1,300,Residential,"Highway, CEGEP, Golf Course, Hospital, Park, Schools, Public Transit, University",Other,H8R1B6,,,,,
-73.652135,45.444065,599000,,#ERR,3,3,2,House,"$599,000 +  GST +  QST",Single Family,"230 Rue des Érables|Montréal (Lachine), Quebec H8R1B6",Other,1,300,Residential,"Highway, CEGEP, Golf Course, Hospital, Park, Schools, Public Transit, University",Other,H8R1B6,,,,,
-73.780293,45.448385,599500,,#ERR,2,3,2,House,"$599,500",Single Family,"40BZ Boul. des Sources|Pointe-Claire, Quebec H9S2H9",Integrated Garage,2,300,Residential,"Highway, Golf Course, Park, Schools, Public Transit","Integrated Garage, Garage",H9S2H9,,Garage,,,
-73.71768,45.54925,599900,,#ERR,2,3,2,House,"$599,900",Single Family,"89 Av. Sauriol|Laval (Laval-des-Rapides), Quebec H7N3B5",Garage,3,300,Residential,"Highway, CEGEP, Park, Schools, Public Transit, University","Garage, Integrated Garage, Other",H7N3B5,,Integrated Garage,,Other,
-73.567036,45.521025,600000,,#ERR,2,3,3,Apartment,"$600,000",Single Family,"944 Rue Cherrier|Montréal (Le Plateau-Mont-Royal), Quebec H2L1H7",,,300,Residential,,,H2L1H7,1356.0000,,Condominium/Strata,,
-73.61926425,45.55173066,619000,,#ERR,2,4,1,House,"$619,000",Single Family,"8085 Rue Fabre|Montréal (Villeray/Saint-Michel/Parc-Extension), Quebec H2E2C3",,,300,Residential,,,H2E2C3,,,,,
-73.779757,45.490353,625000,,#ERR,2,3,2,House,"$625,000",Single Family,"90 Rue Audubon|Dollard-Des Ormeaux, Quebec H9B3E9",Garage,6,300,,,"Garage, Other",H9B3E9,162.0000,Other,,,
-73.766224,45.531227,629000,,#ERR,2,4,1,House,"$629,000",Single Family,"680 Place de Disraeli|Laval (Chomedey), Quebec H7W4E3",Garage,4,300,Residential,"Highway, Park, Schools, Public Transit","Garage, Other",H7W4E3,,Other,,,
-73.709436,45.442291,629000,,#ERR,2,4,1,House,"$629,000",Single Family,"4774 Rue Victoria|Montréal (Lachine), Quebec H8T1K8",Integrated Garage,4,300,Residential,"Highway, CEGEP, Golf Course, Hospital, Schools, Public Transit","Integrated Garage, Garage, Other",H8T1K8,1355.0000,Garage,,Other,
-73.711781,45.534226,629000,,#ERR,3,3,1,House,"$629,000",Single Family,"12190 Boul. St-Germain|Montréal (Ahuntsic-Cartierville), Quebec H4J2A6",Garage,3,300,Residential,"Highway, CEGEP, Hospital, Park, Schools, Public Transit","Garage, Other",H4J2A6,,Other,,,
-73.755611,45.527291,629000,,#ERR,2,5,2,House,"$629,000",Single Family,"181 Rue de l'Ermitage|Laval (Chomedey), Quebec H7W4X8",Garage,3,300,Residential,,"Garage, Integrated Garage, Other",H7W4X8,,Integrated Garage,,Other,
-73.51095037,45.40471013,629900,,#ERR,2,4,2,House,"$629,900 +  GST +  QST",Single Family,"Rue Léon-Bloy O.|La Prairie, Quebec J5R3G3",Garage,3,300,Residential,"Highway, Park, Schools, Public Transit","Garage, Integrated Garage, Other",J5R3G3,,Integrated Garage,,Other,
-73.65535,45.472254,639000,,#ERR,2,5,2,House,"$639,000",Single Family,"5587 Av. Glencrest|Côte-Saint-Luc, Quebec H4V2L8",Garage,3,300,Residential,"Park, Schools, Public Transit","Garage, Other",H4V2L8,186.7000,Other,,,
-73.776853,45.50724,639000,,#ERR,2,3,2,House,"$639,000",Single Family,"5061 Rue Laurin|Montréal (Pierrefonds-Roxboro), Quebec H8Y3R4",Garage,3,300,Residential,"Highway, CEGEP, Park, Schools, Public Transit","Garage, Other",H8Y3R4,,Other,,,
-73.777264,45.521279,642600,,#ERR,2,4,1,House,"$642,600",Single Family,"32-34 Ch. du Bord-de-l'Eau|Laval (Sainte-Dorothée), Quebec H7X1S6",,,300,Residential,,,H7X1S6,,,,,
-73.792845,45.462205,645000,,#ERR,2,4,2,House,"$645,000",Single Family,"264 Av. Champlain|Pointe-Claire, Quebec H9R5X7",Integrated Garage,3,300,Residential,"Highway, Hospital, Park, Schools, Public Transit","Integrated Garage, Garage, Other",H9R5X7,,Garage,,Other,
-73.718156,45.446711,645000,,#ERR,2,4,2,House,"$645,000",Single Family,"865 53e Avenue|Montréal (Lachine), Quebec H8T2Z7",,,300,Residential,,,H8T2Z7,118.5000,,,,
-73.778244,45.492391,649000,,#ERR,2,4,2,House,"$649,000",Single Family,"1438 Boul. Sunnybrooke|Dollard-Des Ormeaux, Quebec H9B2W5",Garage,5,300,Residential,,"Garage, Other",H9B2W5,,Other,,,
-73.592441,45.470228,649000,,#ERR,2,3,2,House,"$649,000",Single Family,"5086 Rue Ste-Clotilde|Montréal (Le Sud-Ouest), Quebec H4C1M1",Other,1,300,Residential,"Park, Schools, Public Transit",Other,H4C1M1,,,,,
-73.735752,45.440707,649000,,#ERR,2,5,2,House,"$649,000",Single Family,"175 Av. de la Présentation|Dorval, Quebec H9S3L5",Garage,2,300,Residential,"Highway, Park, Schools, Public Transit","Garage, Other",H9S3L5,1260.0000,Other,,,
-73.79615,45.486326,649000,,#ERR,3,4,2,House,"$649,000",Single Family,"27 Rue Davignon|Dollard-Des Ormeaux, Quebec H9B1Y3",Integrated Garage,3,300,Residential,"Highway, CEGEP, Golf Course, Hospital, Park, Schools, Public Transit","Integrated Garage, Other, Garage",H9B1Y3,,Other,,Garage,
-73.751368,45.537793,649000,,#ERR,2,4,1,House,"$649,000",Single Family,"576 87e Avenue|Laval (Chomedey), Quebec H7W3C4",Garage,2,300,Residential,"Highway, Park, Schools, Public Transit","Garage, Integrated Garage, Other",H7W3C4,139.6000,Integrated Garage,,Other,
-73.695137,45.52436,649900,,#ERR,2,4,2,House,"$649,900",Single Family,"2005 Rue St-Germain|Montréal (Saint-Laurent), Quebec H4L3T2",,,300,Residential,,,H4L3T2,,,,,
-73.602526,45.429359,649900,,#ERR,2,5,2,House,"$649,900",Single Family,"298 8e Avenue|Montréal (LaSalle), Quebec H8P2N2",,,300,Residential,"Highway, Hospital, Park, Schools, Public Transit",,H8P2N2,,,,,
-73.711495,45.54494646,649900,,#ERR,2,7,2,House,"$649,900",Single Family,"3 Av. Labrie|Laval (Laval-des-Rapides), Quebec H7N3E4",Garage,3,300,Residential,"Highway, CEGEP, Hospital, Park, Schools, Public Transit, University","Garage, Integrated Garage, Other",H7N3E4,,Integrated Garage,,Other,
-73.63182139,45.4355239,658000,,#ERR,2,3,2,Duplex,"$658,000",Single Family,"2237-2239 Rue Pauline|Montréal (LaSalle), Quebec H9N1L8",Garage,4,300,Residential,,"Garage, Integrated Garage, Other",H9N1L8,,Integrated Garage,,Other,2
-73.67861988,45.52384477,658900,,#ERR,2,4,1,House,"$658,900",Single Family,"1334 Rue Montpellier|Montréal (Saint-Laurent), Quebec H4L4R4",Other,2,300,Residential,"Highway, CEGEP, Schools, Public Transit",Other,H4L4R4,,,,,
-73.59893252,45.45459482,659000,,#ERR,2,3,2,Duplex,"$659,000",Single Family,"6362-6364 Rue Dumas|Montréal (Le Sud-Ouest), Quebec H4E2Z7",,,300,Residential,"Highway, Park, Schools, Public Transit",,H4E2Z7,,,,,2
-73.796345,45.46024,665000,,#ERR,2,4,1,House,"$665,000",Single Family,"310 Av. St-Louis|Pointe-Claire, Quebec H9R4X7",Other,3,300,Residential,"Highway, Park, Schools, Public Transit","Other, Garage",H9R4X7,146.4700,Garage,,,
-73.483908,45.526844,665000,,#ERR,2,4,2,Triplex,"$665,000",Single Family,"1860 Rue Brébeuf|Longueuil (Le Vieux-Longueuil), Quebec J4J3P4",Detached Garage,1,300,Residential,"CEGEP, Hospital, Park, Schools, Public Transit","Detached Garage, Garage",J4J3P4,,Garage,,,3
-73.603699,45.430987,669000,,#ERR,2,5,2,House,"$669,000",Single Family,"360 6e Avenue|Montréal (LaSalle), Quebec H8P2L4",Other,3,300,Residential,"Hospital, Park, Schools, Public Transit",Other,H8P2L4,,,,,
-73.49970721,45.49311775,679900,,#ERR,2,5,2,House,"$679,900",Single Family,"461 Av. de Rothesay|Saint-Lambert, Quebec J4R2H4",Detached Garage,4,300,Residential,"Golf Course, Hospital, Park, Schools, Public Transit","Detached Garage, Garage, Other",J4R2H4,,Garage,,Other,
-73.778149,45.521153,685650,,#ERR,2,3,2,House,"$685,650",Single Family,"54 Ch. du Bord-de-l'Eau|Laval (Sainte-Dorothée), Quebec H7X1S6",,,300,Residential,,,H7X1S6,,,,,
-73.593995,45.45948,689000,,#ERR,2,3,2,Duplex,"$689,000",Single Family,"2166-2168 Rue Jacques-Hertel|Montréal (Le Sud-Ouest), Quebec H4E1R3",,,300,Residential,"Highway, CEGEP, Hospital, Park, Schools, Public Transit, University",,H4E1R3,,,,,2
-73.586291,45.452926,689900,,#ERR,2,4,2,House,"$689,900",Single Family,"1595 Av. Egan|Montréal (Le Sud-Ouest), Quebec H4E2J6",,,300,Residential,,,H4E2J6,,,,,
-73.612574,45.431828,695000,,#ERR,2,4,1,House,"$695,000",Single Family,"1109 Rue Curé-De Rossi|Montréal (LaSalle), Quebec H8N2M3",Garage,2,300,Residential,"CEGEP, Hospital, Park, Schools, Public Transit","Garage, Other",H8N2M3,,Other,,,
-73.690988,45.535957,699000,,#ERR,3,4,1,House,"$699,000",Single Family,"2170 Rue Dudemaine|Montréal (Ahuntsic-Cartierville), Quebec H3M1R5",Garage,4,300,Residential,"Highway, CEGEP, Park, Schools","Garage, Integrated Garage, Other",H3M1R5,,Integrated Garage,,Other,
-73.600585,45.434117,699000,,#ERR,3,4,2,House,"$699,000",Single Family,"7559 Rue Broadway|Montréal (LaSalle), Quebec H8P1G7",Other,2,300,,"CEGEP, Hospital, Park, Schools, Public Transit",Other,H8P1G7,,,,,
-73.59666,45.45479496,699000,,#ERR,2,6,2,House,"$699,000",Single Family,"6310Z-6312Z Rue Hamilton|Montréal (Le Sud-Ouest), Quebec H4E3C4",Detached Garage,7,300,Residential,"Highway, Park, Schools","Detached Garage, Garage, Other",H4E3C4,,Garage,,Other,
-73.48789553,45.44879806,699000,,#ERR,2,5,2,House,"$699,000",Single Family,"840 Rue Sydney|Brossard, Quebec J4X2B5",Garage,3,300,Residential,"Highway, Park, Schools, Public Transit","Garage, Other",J4X2B5,,Other,,,
-73.733874,45.438797,699000,,#ERR,2,4,1,House,"$699,000",Single Family,"45 Av. Lilas|Dorval, Quebec H9S3L8",Garage,2,300,Residential,"Highway, Park, Schools, Public Transit","Garage, Other",H9S3L8,,Other,,,
-73.52219285,45.40158413,699000,,#ERR,2,4,2,House,"$699,000",Single Family,"9 Rue Laurion|Candiac, Quebec J5R5N4",Garage,5,300,Residential,"Highway, CEGEP, Park, Schools, Public Transit","Garage, Other",J5R5N4,,Other,,,
-73.76229278,45.54116536,699000,,#ERR,2,3,2,House,"$699,000",Single Family,"1320 Rue Ridgewood|Laval (Chomedey), Quebec H7W1L3",Garage,7,300,Residential,"Highway, Park, Schools, Public Transit","Garage, Carport, Other",H7W1L3,1443.0000,Carport,,Other,
-73.6569821,45.43164016,699900,,#ERR,2,4,2,House,"$699,900",Single Family,"9663 Rue William-Fleming|Montréal (LaSalle), Quebec H8R0C3",Garage,2,300,Residential,"Highway, Park, Public Transit",Garage,H8R0C3,,,,,
